date,datetime_unix,headline,summary,source,url,category
2025-06-30,1751316937,Dow Jones Futures: S&P 500 Hits Record High; Palantir Rebounds As Tesla Deliveries Loom,"Dow Jones Futures: The S&P 500 hit a record high Monday. Tesla Q2 deliveries loom, while Palantir and Robinhood jumped.",Yahoo,https://finnhub.io/api/news?id=ad3edc8728d576222a72bb97e9699b03540c7f0b2d745472d5af5c9123c21fcb,company
2025-06-30,1751326578,"Tesla May Tap $250B Robotaxi Goldmine, Says William Blair",Robotaxis could bring in $250 billion a year by 2040,Yahoo,https://finnhub.io/api/news?id=6b1b90593f2542698c9129c5c86c0fb635d3c46e226017098a3f37f613455dd1,company
2025-06-30,1751323066,Tesla Completes First Fully Autonomous Model Y Delivery,Tesla says first driverless Model Y delivery successfully completed,Yahoo,https://finnhub.io/api/news?id=93e723b75e803a41366bb76a42e24172b32a519cd1ee4e10521a28a406f212e6,company
2025-06-30,1751322852,Tesla Gets Deutsche Bank Backing Despite Delivery Miss,Firm sticks with $345 target; sees upside beyond near-term softness,Yahoo,https://finnhub.io/api/news?id=29ffc93bdafab92281dd2eec0de30ec612f4a0400be87136c346fc74e368b77d,company
2025-06-30,1751319902,Tesla (TSLA) Stock Sinks As Market Gains: What You Should Know,"Tesla (TSLA) reached $317.66 at the closing of the latest trading day, reflecting a -1.84% change compared to its last close.",Yahoo,https://finnhub.io/api/news?id=23d85f90c4f6ff63c4095b63c152c7bafd360e0dd925648f6585489ea421bcf1,company
2025-06-30,1751318078,"UBS Raises Tesla, Inc. (TSLA)’s Price Target to $215, Maintains Sell Rating","Tesla, Inc. (NASDAQ:TSLA) is among the 13 Best Big Name Stocks to Buy Now. On June 23, analysts at UBS lifted the stock’s price target to $215 from $190 after the company deployed a small group of robotaxis in Austin. The launch has increased investor focus on the EV maker’s potential to gain from the autonomous […]",Yahoo,https://finnhub.io/api/news?id=27e9daae174519c6eafda41f2e7a22112345d5a1ae88e8fed175a67900591678,company
2025-06-30,1751318029,"Uber Technologies, Inc. (UBER), Waymo Launch Autonomous Ride-Hailing In Atlanta","Uber Technologies, Inc. (NYSE:UBER) is among the 13 Best Big Name Stocks to Buy Now. On June 24, the company announced that it had partnered with Waymo to launch autonomous ride-hailing in Atlanta. The two companies first laid out plans for the launch in September last year. Riders can now get matched with Waymo’s autonomous vehicles […]",Yahoo,https://finnhub.io/api/news?id=d5564e160c8abf69f3eca7db2aba15b5427962c9cb65600c6cfc79e4bf8798dc,company
2025-06-30,1751317585,Tesla sends driverless Model Y from factory to customer to promote its robotaxi tech,"The car traveled around 15 miles on highways, surface streets, and even a roundabout. But many questions remain about the stunt.",Yahoo,https://finnhub.io/api/news?id=ff39b3d152070205746b009e2f760fd782dc4e0cd7862db8df645fe0e9f5b66a,company
2025-06-30,1751314500,"These Stocks Moved the Most Today: Sunrun, GMS, Oracle, HPE, Juniper Networks, Robinhood, Palantir, and More","Sunrun is rising sharply after the Senate’s latest version of the tax-and-spending megabill includes some relatively positive changes for some companies in the solar industry, while GMS jumps after reaching an agreement to be acquired by Home Depot.",Yahoo,https://finnhub.io/api/news?id=9254c7477ef135bf5fe0880843bba378c9420899a002d0b37d8fa201096785ab,company
2025-06-30,1751313600,"Prediction: These Will Be the Two Best-Performing ""Magnificent Seven"" Stocks Over the Next 5 Years","Amazon has several advantages over the other most valuable companies in the world.  Alphabet stock already looks attractively valued, and the company has some huge growth opportunities ahead.  The ""Magnificent Seven"" is a group of technology stocks that includes Nvidia, Microsoft, Apple, Amazon (NASDAQ: AMZN), Alphabet (NASDAQ: GOOGL)(NASDAQ: GOOG), Meta Platforms, and Tesla.",Yahoo,https://finnhub.io/api/news?id=9e4d3081ce65856aa51ee950bb767d5e9b4253930adc49ddb22d9bcc6ef68354,company
2025-06-30,1751313456,Tesla IPO: Elon Musk and company mark 15 years since public debut,"Tesla (TSLA) went public 15 years ago, with its initial public offering (IPO) in 2010. Yahoo Finance Senior Reporter Allie Canal takes a closer look at Tesla and Elon Musk's journey from that moment and where things could go from here.  To watch more expert insights and analysis on the latest market action, check out more Market Domination here.",Yahoo,https://finnhub.io/api/news?id=c52a73daea168e7235a368b96be9cc63feea266e1566d910507e1c0d21ffc5a5,company
2025-06-30,1751309704,Elon Musk’s Tesla Makes History With ‘First Time That a Car Has Delivered Itself to Its Owner’,"Tesla delivers its first fully autonomous Model Y, marking a milestone in driverless tech and boosting its industry leadership and innovation.",Yahoo,https://finnhub.io/api/news?id=13b7affa828ed5b2ce8ea1a2aa2b65ea8b53b527b2fc58980b7de40742f14821,company
2025-06-30,1751308995,"Trump escalates feud with Musk, threatens Tesla, SpaceX support","* Trump suggests DOGE review Musk's subsidies for savings * Musk criticizes tax-cut bill, calls for a new politicalparty * Tesla shares drop...",Finnhub,https://finnhub.io/api/news?id=8249312bc84f05f1e32948a3416fa36b922ada383494eb230d15f38414d471a1,company
2025-06-30,1751308995,"Trump suggests slashing Tesla subsidies, Musk says 'cut it all'","U.S. President DonaldTrump on Tuesday suggested the government efficiency departmentshould review the subsidies to Tesla CEO Elon Musk's companiesto save money, reigniting a war of words between...",Finnhub,https://finnhub.io/api/news?id=73befa43bb0daff423884bdc6c4a81758095746640f44a625b9b91593cee38ff,company
2025-06-30,1751308995,UPDATE 4-Trump suggests DOGE look at subsidies for Musk's companies to save money,"U.S. President DonaldTrump suggested the government efficiency department shouldreview the subsidies Tesla CEO Elon Musk's companies havereceived in order to save money, reigniting a war of...",Finnhub,https://finnhub.io/api/news?id=2d083b303bc4064bbba46fde683ccb042dcc49ebf354508a6dd680d3928b178e,company
2025-06-30,1751308995,Trump suggests DOGE look at subsidies for Musk's companies to save money,U.S. President DonaldTrump suggested on Tuesday that the government efficiencydepartment should take a look at the subsidies that TeslaCEO Elon Musk's companies have received in order tosave...,Finnhub,https://finnhub.io/api/news?id=3e9baab691a99b4adfe4396093208c269588ea999b82daa3053aba916ce98e4a,company
2025-06-30,1751308995,Trump suggests DOGE look at Musk's companies to save money,U.S. President DonaldTrump suggested on Tuesday that his efficiency department shouldtake a look at the subsidies that Tesla CEO Elon Musk'scompanies have received in order to save the federal...,Finnhub,https://finnhub.io/api/news?id=0c70c25f328507f6120219f926a554fa68d7bba5380eda90e1098016a3ab7eff,company
2025-06-30,1751308995,Musk vows to punish lawmakers who back Trump's spending bill,"Billionaire Elon Musk onMonday renewed his criticism of U.S. President Donald Trump'ssweeping tax-cut and spending bill, vowing to unseat lawmakerswho backed it after campaigning on limiting...",Finnhub,https://finnhub.io/api/news?id=ab8face0356a1e93b9a7a477aa7b97b723927677a7bd86d356b04c98f09b94b4,company
2025-06-30,1751307780,"Tesla Stock Drops as Musk Attacks ‘Big Beautiful Bill,’ Sales Set to Slump","With the robo-taxi launch in the rearview mirror, investors will turn their attention to deliveries, earnings, and the new car.",Yahoo,https://finnhub.io/api/news?id=a32631d77b5dcaf832c933293dce81c51069831a91dc9e7623f7d3572ae000d0,company
2025-06-30,1751307292,"Tesla Q2 deliveries expected to disappoint as Musk focuses on AI, robotaxi efforts",Tesla is expected to report another tough quarter when it comes to EV deliveries. Investors are hoping the bigger story remains its burgeoning robotaxi tests.,Yahoo,https://finnhub.io/api/news?id=d1d10ae16b273f792ebff71fad7d46095ad62c4a5ffb2bdbbe158346bc0cb0d0,company
2025-06-30,1751306571,"Elon Musk Calls Trump's Megabill 'Political Suicide,' Says 'It Is Utterly Insane and Destructive,' Will 'Destroy Millions of Jobs in America'","Tesla Inc. (NASDAQ:TSLA) CEO Elon Musk, publicly criticized President Donald Trump‘s One Big Beautiful Bill, which advanced in the Senate Saturday night, calling it “utterly insane” and “destructive.” What Happened: Musk’s criticism comes in the midst of an ongoing public disagreement with President Trump, who is a supporter of the bill. Musk’s criticism is aimed at the sections of the bill that propose tax hikes on a range of energy projects. These include solar, battery, geothermal, wind, and",Yahoo,https://finnhub.io/api/news?id=f978cd5d015894d936cc44e168efedf313d8930f595f863d2829fb9f2acc822a,company
2025-06-30,1751302562,"Nasdaq Composite, S&P 500 Scale Fresh Record Highs Amid Progress on Trade Deals, Tax-Cut Budget Bill","US equity indexes rose in midday trading, with the Nasdaq Composite and S&P 500 making new record hi",Yahoo,https://finnhub.io/api/news?id=81adf22ffd43fb830b2345c886f98ebc1ede30f2ffb15b337ed899574328a6b2,company
2025-06-30,1751302289,"Elon Musk renews criticism of Trump spending bill, calls for new political party","Billionaire Elon Musk reiterated hiscriticism of U.S. President Donald Trump's spending legislationon Monday, arguing that it underscores the need for a newpolitical party. The Tesla...",Finnhub,https://finnhub.io/api/news?id=a1905d83b0fbc5f7768946a01fc5e9401de233b84341f1dec708e4e41e18db6c,company
2025-06-30,1751300767,China's $47B Housing Crash Just Got Worse,A sharp plunge in China's home sales could shake global markets and expose major names to renewed downside.,Yahoo,https://finnhub.io/api/news?id=8be022d64f6fbe77f3035870eedaac39aba904ed858b622c09f7690946f6a057,company
2025-06-30,1751300418,"Nasdaq Composite, S&P 500 Hit New Record Highs as US Makes Progress on Trade Deals","US equity indexes rose in midday trading, with the Nasdaq Composite and S&P 500 making new record hi",Yahoo,https://finnhub.io/api/news?id=a3b16fe4814d590ee6caf6061d0d7e915779d9ae7531ad39c3b322cc3f0e066e,company
2025-06-30,1751300130,TESLA : Gets a Buy rating from Deutsche Bank,"In a research note published by Edison Yu, Deutsche Bank advises its customers to buy the stock. The target price is unchanged at USD 345.",Finnhub,https://finnhub.io/api/news?id=b3634eb7b13617667a685e2a681d68f3de363d58a2e71feb2995e8050a1e2037,company
2025-06-30,1751299275,"According to Tesla, self-driving car drives without a driver to the customer","Copyright © BusinessAMBE 2023Key takeawaysTesla claims that a Model Y drove fully autonomously from the factory to a customer in Austin, without any human intervention.Media outlets and...",Finnhub,https://finnhub.io/api/news?id=dbddee9d7c849624463f4794f0439350d90dbef0a6f76a1f366f97877d2acbb2,company
2025-06-30,1751299060,"Top Stock Movers Now: Hewlett Packard Enterprise, Moderna, Tesla, and More",The S&P 500 and Nasdaq added to their all-time highs at midday as investors anticipated more U.S. trade agreements ahead.,Yahoo,https://finnhub.io/api/news?id=3f4ee2c82b0cbcf8ccad84e88e4c283e6d07e4ded7a0d09ef879f3508063e73f,company
2025-06-30,1751298584,Veteran analyst drops jaw-dropping Tesla stock target,New call hints at massive upside for Tesla stock on robotaxis,Yahoo,https://finnhub.io/api/news?id=c64dffc8cfc97928f48cec156ef719216fc0ad77233d49b7b7dc9fbaaa3afc11,company
2025-06-30,1751297851,"Elon Musk Criticized the Budget Bill Again. This Time, Tesla's Stock Held Up","Musk over the weekend expressed criticism of the budget bill that's working its way through Congress on X, the same social-media platform on which his other comments on the bill (and other matters) sparked a firestorm earlier this month. Things were different this time.",Yahoo,https://finnhub.io/api/news?id=3ddbb3257fc29ea92e8de0bf72882049c193be0508ab10db5a9be0798e11309e,company
2025-06-30,1751297408,Tesla: Expect Q2 Fundamentals To Be A Disaster,"Tesla's Q1 2025 results show declining performance, with overvalued stock and unrealistic growth projections. Learn why a Sell rating for TSLA stock is advised.",SeekingAlpha,https://finnhub.io/api/news?id=e322d0d5ba1587a832f69d02d45855e8c4a5c9b79f15b7853ee2976d6383d7ea,company
2025-06-30,1751297280,Tesla's Model Y Completes First Human-Free Car Delivery,TSLA hits a milestone as a Model Y completes the first-ever driverless delivery with zero human input on public roads.,Yahoo,https://finnhub.io/api/news?id=fe91eafd511b610b1580230485ab94b621349ed9163eba0780ee5ec42e5bfefa,company
2025-06-30,1751297204,"Uber, Lyft to Face Pressure Amid Disruption by Autonomous Vehicles, Wedbush Says",Uber Technologies (UBER) and Lyft (LYFT) are expected to face pressure as autonomous vehicles disrup,Yahoo,https://finnhub.io/api/news?id=8ae1d7d081f553f0e9e23acdb45c33abf7755f29d7acdce1fc6e1919150ff902,company
2025-06-30,1751306640,Robinhood Goes All In on Crypto With Major Product Push,The brokerage will allow European customers to trade more than 200 U.S. stocks and ETFs as digital tokens and is developing its own blockchain.,Yahoo,https://finnhub.io/api/news?id=a4f64a6bf34344e4232fc94512ef62bd52830ef54c9ca2daeba09b1f94679a12,company
2025-06-30,1751295030,"Stocks to Watch: Meta, Tesla, Wells Fargo, Boeing","↗️ GMS (GMS): The building-products distributor will be bought for about $4.3 billion by Home Depot (HD), which won a bidding war over QXO (QXO). GMS shares jumped 12% early Monday. ↗️ Goldman Sachs (GS), Wells Fargo (WFC): Both stocks rallied in after the Federal Reserve said late Friday that America’s large banks cleared its annual stress test.",Yahoo,https://finnhub.io/api/news?id=43a21a58201d49d55542aabeb5041f0a2311bbfae92fe656e01666afeee83a07,company
2025-06-30,1751294400,The Death Of Buy And Hold Has Been Greatly Exaggerated,David Keller on theÂ juxtaposition between market highs and economic uncertainty. Bitcoin's technicals and practical value,SeekingAlpha,https://finnhub.io/api/news?id=c9fb615c1e2bd36dac2eeb139360039a720e6d9da0a683e3c41f45784fae1d38,company
2025-06-30,1751292091,"Earning $45,000/Mo And Under Financial Stress? This Ramsey Caller Has $2,400 Car Payments, $3,000 Private Schools, And A Massive Mortgage","A recent caller to “The Ramsey Show” shocked hosts George Kamel and Jade Warshaw by revealing that he and his wife bring in $40,000 to $45,000 every month, yet feel overwhelmed by debt, financial pressure, and out-of-control expenses. Despite High Income, Debt Keeps Piling Up “We just have a lot of expenses every month, and our finances just kind of got out of control,” said the caller, Dustin. He detailed having two massive car payments: $1,600 per month for a Tesla and $800 for a truck. Both v",Yahoo,https://finnhub.io/api/news?id=ad2e7f2f07132441723d0d4cbda9b7f5c436699d8d64a13a05b09c528934e0ef,company
2025-06-30,1751290811,'Tesla Has The Robot And The Customer': Dave Mazza's HUMN ETF Makes A Calculated Bet On Optimus,Investors are seeking exposure to the $5 trillion humanoid robotics market and Roundhill&#39;s HUMN ETF offers active management for agility and alpha generation.,Benzinga,https://finnhub.io/api/news?id=2f29a7f49b64304f4160c23930af46474d934db7a726ac5d9a4fe220b73359f5,company
2025-06-30,1751290592,"Circle initiated, Disney upgraded: Wall Street's top analyst calls","Circle initiated, Disney upgraded: Wall Street's top analyst calls",Yahoo,https://finnhub.io/api/news?id=91d382ec10aa66ab1252c117a29c487a966ab89352c0f5cc0b41a333e264b9ba,company
2025-06-30,1751290522,10 Consumer Discretionary Stocks Whale Activity In Today's Session, ,Benzinga,https://finnhub.io/api/news?id=cd5f9ace37f24c992d29cbe509552a4e4f1fbda7ac13ff291a386897836fdf20,company
2025-06-30,1751290380,Cathie Wood buys $20.7 million of surging tech stock,Here are Cathie Wood’s latest moves.,Yahoo,https://finnhub.io/api/news?id=d75bf467149f8bf13fa23b78cc342c7591f8a870e6b3fdb60af4ee41f5cb4174,company
2025-06-30,1751289858,"Big Beautiful Bill Weighs On Hospitals, Renewables Before Vote; S&P 500 Futures Rise","President Donald Trump's One Big Beautiful Bill Act is expected to come to a vote in the Senate today and clear the House as soon as Wednesday.  The Senate also took a tougher line on renewable energy tax credits, which prompted Tesla CEO Elon Musk to weigh in against the bill.  The reality of the bill's tough trade-offs burst into the open on Sunday night, as Sen. Thom Tillis (R-N.C.) denounced Medicaid provisions that he said would cost his state $26 billion in support and kick 663,000 North Carolinians off their health plans.",Yahoo,https://finnhub.io/api/news?id=eb2e820565604abc786f1037151c71df982ab59af0372d0175120f76d5fd71eb,company
2025-06-30,1751287475,"Last-minute changes to Trump's 'big, beautiful bill' stun clean energy industry (and Elon Musk)",The Senate is making a final push to advance President Trump's signature legislation this week with a flurry of last-minute changes that have stunned the clean energy industry and Elon Musk.,Yahoo,https://finnhub.io/api/news?id=2619ebeb529fe38f3cc55999b75aab62902e8f76b408d51aba6b77af8810deda,company
2025-06-30,1751286015,"Republican senators seek to change Senate bill clean energy tax, improve tax credits",Republican Senator JoniErnst has introduced an amendment to the U.S. Senate's tax andspending megabill that would change two of the most contentiousparts of that bill and could give a small boost...,Finnhub,https://finnhub.io/api/news?id=6ca49afcceb086df2a5865ed6798e775da85e310006a9cc1c3133ac794f3cbc1,company
2025-06-30,1751285629,Chinese tech stocks soar in 2025 while US giants stall,"US tech giants may be treading water in 2025, but Chinese tech stocks are up nearly 20% this year. Morning Brief: Market Sunrise host Ramzan Karmali breaks down what’s behind the rally in China and whether investors should rethink their bet on the Magnificent Seven — the group of tech stocks comprised of Alphabet (GOOG, GOOGL), Apple (AAPL), Nvidia (NVDA), Tesla (TSLA), Amazon, Meta Platforms (META), and Microsoft (MSFT). To watch more expert insights and analysis on the latest market action, check out more Morning Brief: Market Sunrise here.",Yahoo,https://finnhub.io/api/news?id=15542f05824cbef1e327c5cf5edad3e97bec90bf787001f23bf825253a793698,company
2025-06-30,1751282383,Apple: Think Different? Time To Think Again About Innovation,"Explore the challenges facing Apple, from stalled innovation to stretched valuations.",SeekingAlpha,https://finnhub.io/api/news?id=8a6700fd2efa78ce7eddde32177ed61a088dddc843925ee127d1fa8c10c2bac4,company
2025-06-30,1751282058,"US Senate bill's clean energy cuts draw backlash from labor, business",The U.S. Senate’sproposed cuts to clean energy subsidies in its version ofPresident Donald Trump's tax and spending bill have drawnsearing criticism from business and labor groups since they...,Finnhub,https://finnhub.io/api/news?id=9a9a2dd0452473625492e1808138dab313bfa8dc4924778ccd367289858810fe,company
2025-06-30,1751280952,"'Murkowski Plans Amendment To Ease Solar, Wind Tax Credit Phaseouts' - Politico",https://www.politico.com/live-updates/2025/06/30/congress/murkowski-plans-amendment-to-ease-solar-wind-tax-credit,Benzinga,https://finnhub.io/api/news?id=f0da38c23a76811b8fc7bdb2db8a67ee996ea86fe31ba9c213f695f065a126dd,company
2025-06-30,1751279302,"Live On CNBC, Director Of The National Economic Council Of The U.S. Says Solar Is Going To Be In People's Grids, There's Not A Penalty",,Benzinga,https://finnhub.io/api/news?id=833b5b6228032ed221e11e1ed0fd05f8cdb42ef0cf61ffeaed41f735580dfde7,company
2025-06-30,1751278038,The 'Buy America' Trade Has Only Just Begun,,SeekingAlpha,https://finnhub.io/api/news?id=8305c89e2ff82e099eaa57b5bde066361575f5e1f4c927c9c854c4cf16596199,company
2025-06-30,1751277964,"Stocks to Watch: Goldman Sachs, NextEra, Juniper, Tesla","↗️ Goldman Sachs (GS), Wells Fargo (WFC): Both stocks rallied in premarket trading after the Federal Reserve said late Friday that America’s large banks cleared its annual stress test. ↘️ Enphase Energy (ENPH), NextEra (NEE), SunRun (RUN): Republicans proposed a new tax on wind and solar projects in the latest version of the Senate’s budget bill, stunning clean-energy companies.",Yahoo,https://finnhub.io/api/news?id=c4342c05db4654410e0c3b9cdf48f9185ade9a49606538281af351b3c4a0c567,company
2025-06-30,1751276860,Tesla expected to unveil Q2 deliveries this week as Musk touts driverless tech,"Investing.com - Tesla (NASDAQ:TSLA) is expected to unveil its second-quarter delivery numbers on Wednesday, as the electric carmaker grapples with flagging demand and controversy around the political stances of CEO Elon Musk.",Yahoo,https://finnhub.io/api/news?id=7319a9d89152a6abf3d426a6d4e8d97749cc4d35a0414d63f53a00722bdfe072,company
2025-06-30,1751276639,Tesla Is Losing In China (Rating Downgrade),"Tesla faces mounting global competition, falling sales, and underwhelming Robotaxi tech, raising long-term concerns. Find out why TSLA stock is a strong sell.",SeekingAlpha,https://finnhub.io/api/news?id=6329851395373ebe6f78a1b64587971adf05301c88774e34668d951d4b9572e3,company
2025-06-30,1751275757,TESLA : Receives a Sell rating from JP Morgan,JP Morgan reiterate its Sell rating. The target price continues to be set at USD 115.,Finnhub,https://finnhub.io/api/news?id=54287eeacb9d4c13754ab9fdf29110feb35b3e27b5de710a10cbfda0c59108d5,company
2025-06-30,1751275380,"These Stocks Are Moving the Most Today: Enphase, Tesla, Juniper Networks, Wells Fargo, Palantir, and More","Clean energy stocks Enphase Energy and Sunrun decline after the Senate’s latest version of the tax-and-spending megabill would phase out tax credits for large-scale wind and solar projects by the end of 2027, earlier than in previous versions of the legislation.",Yahoo,https://finnhub.io/api/news?id=a3a0db4b1752660f2fd7d29c650558376a294cf13f6233fbf17686a5112d5bc6,company
2025-06-30,1751273040,Tesla Stock Falls. 3 Things That Will Move Shares After Robo-Taxi Hype.,"With the robo-taxi launch in the rearview mirror, investors will turn their attention to deliveries, earnings, and the new car.",Yahoo,https://finnhub.io/api/news?id=d44dbf3eda5d7157c075f611350f52ed0ebdce7c9af991224bf66bf04969527b,company
2025-06-30,1751271965,"Tesla, Array Technologies And Other Big Stocks Moving Lower In Monday's Pre-Market Session", ,Benzinga,https://finnhub.io/api/news?id=f27512ea41ad375ee37bcbb1c407c0c8c850d187bfc578b45646364f7b414048,company
2025-06-30,1751270400,SPY: Why The Real Correction May Start After Q2,"Market sentiment has shifted rapidly from recession fears to optimism, driving a 27% SPY rally. Click here to read what investors need to know.",SeekingAlpha,https://finnhub.io/api/news?id=da7e0a1a0e925eee0fe07d6c355afa0dee353211f88771c07a08b11f17cede08,company
2025-06-30,1751267713,Tesla's V4 superchargers begin operation in China,"Tesla's first batch of V4 superchargers has begun operation in China, covering Shanghai, Chongqing, Gansu and Zhejiang provinces, the U.S. automaker said on Monday. The superchargers will gradually be deployed in Beijing, Guangdong province and other Chinese localities and will be open to other electric vehicle brands, the automaker said.",Yahoo,https://finnhub.io/api/news?id=71e0a34dde6300798dcc61f1113c5da5fb73fd89d73d0dcb688db259bfdb1a18,company
2025-06-30,1751267676,Uber: In The Autonomous Sweet Spot,,SeekingAlpha,https://finnhub.io/api/news?id=5c5e864b9dec2d4d446f7bd651281a8908cc4b0e27196682332c546075119097,company
2025-06-29,1751256720,NYLI Winslow Large Cap Growth ETF Q1 2025 Commentary,,SeekingAlpha,https://finnhub.io/api/news?id=e79bed6fad86c26b589d787960d7f934f162ace796b9079c86a739dc1d1ed262,company
2025-06-29,1751255914,Inside The Robotaxi Wars: Tesla Vs. The World,"Tesla's robotaxi debut sparks debate as delays, competition, and execution risks overshadow autonomy promises.",SeekingAlpha,https://finnhub.io/api/news?id=04568be6dedcc5a7e7ecb1befcda57c6ae5ee29b813f00d7504ef2a8405d4260,company
2025-06-29,1751254057,Dow Jones Futures Rise As Canada Does This; Tesla Deliveries Due; Tesla Deliveries Due,The stock market hit highs in a big week. Tesla deliveries loom as Elon Musk risks reigniting a feud with President Trump.,Yahoo,https://finnhub.io/api/news?id=e74ac674a35de371805378cd19be2d18a0b12be933fb3bbfa61296b186f4e7ea,company
2025-06-29,1751244464,"Congressman Says 'Nobody Asked For The IRS To Be Americans' Tax Preparer,' Applauds Efforts To Shut Down The IRS Direct File Program","Rep. Jason Smith (R-MO) is celebrating the House-passed bill that would shut down the Internal Revenue Service Direct File program, a free federal tool that allows Americans to file taxes online without paying private companies. “Nobody asked for the IRS to be Americans' tax preparer, filer, and auditor,” Smith posted on X on June 24. “The House-passed One, Big, Beautiful Bill puts an end to the IRS Direct File Program.” The Program Had Strong Support From Voters And Users Nobody asked for the I",Yahoo,https://finnhub.io/api/news?id=e2d10d83671411de715d344619c08d2c700706c72a0e060022f0db92988ce320,company
2025-06-29,1751228640,Senate Megabill Stuns the Clean Energy Industry With New Tax on Wind and Solar,"Senate Republicans stunned the power industry over the weekend with a proposed new tax on wind and solar projects, part of a broader push to unravel incentives for renewable energy.  Energy tax credits that were expanded during the Biden administration are wrapped up in a fierce congressional fight over President  Trump’s  signature tax and spending bill.  Most of the credits are now on the chopping block while lawmakers fight over ways to extend tax cuts and fund border and military spending, among other things.",Yahoo,https://finnhub.io/api/news?id=c11a71684e60813ad76b253223a502506b01869e386e878338011538ed30fd17,company
2025-06-29,1751218979,"Tesla, Inc. (TSLA): “It’s Not A Car Company,” Asserts Jim Cramer","Tesla, Inc. (NASDAQ:TSLA) is one of the Jim Cramer Warns Viewers About FOMO & Discusses These 19 Stocks. Tesla, Inc. (NASDAQ:TSLA), the world’s largest pure-play electric vehicle manufacturer, has continued to face turmoil in the stock market this year. Despite the fact that the shares have lost 14.6% year-to-date, Cramer has remained optimistic about the […]",Yahoo,https://finnhub.io/api/news?id=a376f64238bbf5677ccdc430cd1bffe8bccc343c676f790cecec489ac4331dbc,company
2025-06-29,1751216402,"Holiday Trading, Trade Negotiations and Other Key Things to Watch this Week",Markets enter the final week of June with the S&P 500 ($SPX) (SPY) maintaining resilience near recent highs despite ongoing market volatility. Here are 5 things to watch this week in the Market.,Yahoo,https://finnhub.io/api/news?id=8c81375f016abe8b69283a5574ab410056d9e5c28c659f9406e7ddd42a32d0b1,company
2025-06-29,1751216001,TD Cowen Reaffirms Buy on Tesla After Impressive Austin Robotaxi Launch,"Tesla, Inc. (NASDAQ:TSLA) ranks among the best fundamental stocks to buy according to hedge funds. Following the company’s robotaxi service launch in Austin on June 23, TD Cowen reaffirmed its Buy rating and $330 price target for Tesla, Inc. (NASDAQ:TSLA). According to TD Cowen, the electric car manufacturer’s eagerly awaited robotaxi service was launched in […]",Yahoo,https://finnhub.io/api/news?id=a4127c38ff97e76a00985485e3b66295216849774c813f84d99cdb3471a99bd9,company
2025-06-29,1751215621,Billionaire John Calamos says he's bullish on stocks and the economy — and won't follow Warren Buffett off stage yet,"Billionaire investor John Calamos cheered the rebound in stocks, and joked he has another decade to work if he follows Warren Buffett's lead.",Yahoo,https://finnhub.io/api/news?id=7f52b8c821afcc9810db769ea64776efd7b8cfc63268b35b3e356817156e873b,company
2025-06-29,1751213580,Elon Musk's Robotaxi Launch Just Sent Tesla Stock Higher -- What Happens Next?,"Elon Musk has been teasing a robotaxi service from Tesla (NASDAQ: TSLA) for years.  Tesla's autonomous vehicles -- armed with remote drivers that can step in at any moment -- finally hit the streets of Austin, Texas, this month.  Is Tesla about to catalyze a $10 trillion global robotaxi market, as some experts believe?",Yahoo,https://finnhub.io/api/news?id=06174958092355ba45adb75a845e927552818ea0e5b7b8b276aee67c5e136178,company
2025-06-29,1751200200,Is Tesla Stock a Millionaire Maker?,"Tesla shares have always sold for a premium, which is detached from the reality of the current business.  Investors considering buying the stock must believe the company will make good on its plans for autonomous driving and robotics.  Looking back at its history as a public company, Tesla (NASDAQ: TSLA) has generated serious wealth for investors.",Yahoo,https://finnhub.io/api/news?id=5386349c399a489687b07d27875005e3bf662e40c53c2a05844a1388fa5440fe,company
2025-06-29,1751199459,"Consumer Tech News (June 23–June 27): Inflation Stirs, Trade Tensions Flare, And Big Tech Makes Big Moves", ,Benzinga,https://finnhub.io/api/news?id=ca5cceb78847e60ce80679eecbbd08aab4dc53bdc8ad774b1a96e33efe4d7af4,company
2025-06-29,1751195700,1 Thing Every Rivian Investor Needs to Watch Right Now,"President Trump's ""Big Beautiful Bill"" could derail that growth.  Rivian Automotive (NASDAQ: RIVN) has a bright future.  Today, more than 90% of Tesla's vehicle sales come from its two mass-market models: the Model 3 and Model Y. Rivian, meanwhile, has no affordable models.",Yahoo,https://finnhub.io/api/news?id=a8556093b1851b1d5a7f2903383cf8d06da2983798c14fbc6861e4c39d314651,company
2025-06-29,1751191260,Calamos Long/Short Equity & Dynamic Income Trust Q1 2025 Commentary,"For the quarter ending March 31, 2025, Calamos Long/Short Equity & Dynamic Income Trustâs total return was 1.69% on NAV and 6.82% on market price. Read more here.",SeekingAlpha,https://finnhub.io/api/news?id=b5c5a4c1f5342a8db74c7b2150105d48fc0e37dc2df68bd10fbb84b183141f9f,company
2025-06-29,1751191251,‘Lidar is lame’: why Elon Musk’s vision for a self-driving Tesla taxi faltered,The company’s rollout of its new driverless cars has gotten off to a wobbly start – and rival Waymo remains well ahead,Yahoo,https://finnhub.io/api/news?id=4736c01f5064a9f64fab3f703cf7a70cced746b7fa965c570e776ece0ed10f5d,company
2025-06-29,1751187600,"What to Expect in Markets This Week: June Jobs Report, Independence Day Holiday","Coming up: June jobs report, July Fourth holiday, Senate's 'Big Beautiful Bill' deadline, Constellation Brands earnings",Yahoo,https://finnhub.io/api/news?id=4fe484b6b34cc23b3fd0c9dd70641990c26efedc45acfcc458581e23247471a4,company
2025-06-29,1751186700,Is Rivian the Smartest Investment You Can Make Today?,"Rivian makes all-electric vehicles, specializing in SUVs and pickup trucks.  Electric vehicle (EV) manufacturer Rivian (NASDAQ: RIVN) is following the game plan championed by its rival Tesla (NASDAQ: TSLA).  If you are an investor with a more aggressive investment approach, Rivian stock could be a smart addition to your portfolio today.",Yahoo,https://finnhub.io/api/news?id=20b946918be2f87c4c869b8050a946db49a958d9bd7f266ddf27e4696e872423,company
2025-06-29,1751185800,Here's Why Tesla Stock Is a Buy Before the End of July,"Tesla could lose market share again in the quarter amid weakening sales.  With the robotaxi launch out of the way, albeit a small-scale pilot, Tesla can now prepare for volume production of its Cybercab.  Confirmation of a lower-cost vehicle in production could boost the stock.",Yahoo,https://finnhub.io/api/news?id=6c00ab6ac791bdc9d2141f49883a4e54574875b28434fd403a9f0a3795080d16,company
2025-06-29,1751182200,"Tesla Stock Investors Just Got Bad News From Wall Street, but There's a Silver Lining","Tesla stock has declined 20% year to date amid disappointing financial results and substantial market share losses.  Among Wall Street analysts, consensus earnings estimates for 2025 and 2026 have been revised sharply lower in the last three months.  The silver lining is that Tesla recently launched its first robotaxi service, which may generate hundreds of billions of dollars in revenue in the future.",Yahoo,https://finnhub.io/api/news?id=1b2010cfdf0e30836044b70b4f2e471fe4f6417bd1f06731ff57cf3adbbbf5fe,company
2025-06-29,1751180724,Wall Street Week Ahead,"Stay updated with Wall Street news! Key focus on Senate bills, labor reports, Fed policy, earnings, & global shipping insights.",SeekingAlpha,https://finnhub.io/api/news?id=9e50661a8b2b7115d0c2884da7923c2be83984c9394c76183a11b97e2f6f9669,company
2025-06-28,1751133660,Would Investing $10K in the Magnificent 7 Stocks in 2023 Have Made You Rich?,"In a nutshell, if you had the foresight to invest in the Magnificent 7 stocks at the beginning of 2023, you would have done well. How well? Read on to find out.",Yahoo,https://finnhub.io/api/news?id=2d5e0471da985e208fcae75155835587e19b03f5b67c6df5116264d3d20188d4,company
2025-06-28,1751133113,Elon Musk’s early birthday present to himself—the first Tesla just drove itself from its factory straight to the customer,An Austin official told Fortune it had no choice in the matter: 'the City does not have the authority to regulate these vehicles.',Yahoo,https://finnhub.io/api/news?id=1a68cc70b23fa6958bdd30f0c3012f4ea44f3299d032b2c554ae2a44e5fe7c38,company
2025-06-28,1751130000,Tesla Has Big Plans in China,"Tesla is expanding its operations in China by developing a grid-scale battery power plant and other advanced projects, moving beyond its traditional electric vehicle manufacturing.",Yahoo,https://finnhub.io/api/news?id=e42305a7f1bba5d3aeca7a2825a5a97cac2379461d6af4e3c4c884b47c8038c3,company
2025-06-28,1751118300,"Why Are Meta Platforms, Microsoft, and Nvidia Outperforming the ""Magnificent Seven"" and the S&P 500?","Meta Platforms, Microsoft, and Nvidia are turning AI investments into concrete results.  Artificial intelligence has helped these companies grow their profit margins.  Meta Platforms (NASDAQ: META), Microsoft (NASDAQ: MSFT), and Nvidia (NASDAQ: NVDA) are knocking on the door of all-time highs, whereas the other four ""Magnificent Seven"" stocks -- Amazon, Alphabet, Tesla, and Apple -- are down year to date.",Yahoo,https://finnhub.io/api/news?id=a018f9c6834fee91921d9b801cba67ee12add116db1dd6210d74ee2d538d4c8d,company
2025-06-28,1751108400,Tech stocks are powering this record-setting rally on Wall Street — but how long can it last?,Whether the record-setting stock rally is built to last may come down to one of the market’s most longstanding questions: How broad is the rally?,Yahoo,https://finnhub.io/api/news?id=7c74a21922e36bcfd27d18ab1f46440583d1568fe5c33c878b930ba683d59eee,company
2025-06-28,1751106627,Happy Birthday Elon Musk! 54 Things You Might Not Know About Earth's Temporary Resident,Billionaire Elon Musk is best known as the CEO of Tesla Inc (NASDAQ:TSLA) and SpaceX. Musk is also one of the most followed and popular figures in the world.,Benzinga,https://finnhub.io/api/news?id=15acf4b8e7a3374052d4f1351f694ef6e2875cfd30d8e9070ba1a8519bcbcc52,company
2025-06-28,1751105700,"Why Are Tesla, Apple, and Alphabet Underperforming the ""Magnificent Seven"" and the S&P 500?","Tesla, Apple, and Alphabet could be coiled springs for long-term growth.  Tesla needs its big bets to pay off.  Many mega-cap tech-focused companies have posted sizable gains -- including ""Magnificent Seven"" members Meta Platforms (NASDAQ: META), Microsoft (NASDAQ: MSFT), and Nvidia (NASDAQ: NVDA).",Yahoo,https://finnhub.io/api/news?id=f2b30e47b221f75e0879428989ea66fbe22bb32787b61f99970b340a1640a78a,company
2025-06-28,1751104831,The tech rally is about a lot more than Magnificent 7 right now,"Nvidia is the only member of the ""Magnificent Seven"" stocks among the top 20 best performers in the S&P 500 since the market bottomed on April 8.",Yahoo,https://finnhub.io/api/news?id=74ed754dd0806698d8abce9dbffc89ab1d3237443e749002459c5d2fa53a7ad4,company
2025-06-28,1751104800,Tesla Is Set To Report Deliveries Wednesday. Here's What To Expect.,"Tesla is expected to report deliveries for the second quarter on Wednesday, with analysts anticipating another double-digit decline from a year ago.",Yahoo,https://finnhub.io/api/news?id=502a177695b5ab2d2a6d261f0ab579ea97b4325ba8a35c01689b9a4b43e7215d,company
2025-06-28,1751100774,"Cantor Fitzgerald Raises PT on Uber (UBER) to $106 From $96, Keeps an Overweight Rating","Uber Technologies, Inc. (NYSE:UBER) is one of the 13 Best Long Term Growth Stocks to Invest in Right Now. On June 25, Cantor Fitzgerald raised the firm’s price target on Uber Technologies, Inc. (NYSE:UBER) to $106 from $96, keeping an Overweight rating on the shares. The firm acknowledged that the near-term drivers of the company’s share […]",Yahoo,https://finnhub.io/api/news?id=d3704d325d6a94cf34edc419f68362fa3a1195dbed39573b8fbdea0032384da5,company
2025-06-27,1751091780,Tesla's Austin Robotaxi Boosts Musk's Net Worth. How Long Can It Last?,"Tesla launched its long-awaited robotaxi network on Sunday.  The stock jumped on the news, but the program is starting with just around 10 vehicles.  Tesla's vehicle sales growth has stalled so investors are counting on its success with robotaxis.",Yahoo,https://finnhub.io/api/news?id=e53d0d5a431de453bd4b0fdb580542f06b5f95284d16e15bec27428880b5acfc,company
2025-06-27,1751078336,"CATL Expands Globally After $5.2 Billion IPO, Targeting Europe With Battery-Swapping Push",The battery giant is building new plants in Hungary and Spain and already operates a facility in Germany.,Yahoo,https://finnhub.io/api/news?id=b694780a4d9bdaf1de48b0f3510c478023a3613487bc5c491346fbd85fc8791f,company
2025-06-27,1751076840,Lucid: Tesla Stumbles And Tariffs Bode Well (Mostly),"Lucid is a speculative buy, capitalizing on Tesla's missteps and tariffs. Read here to know why we believe LCID stock is a speculative buy.",SeekingAlpha,https://finnhub.io/api/news?id=ecc59ac411af165a615e2799794b2261a9329836616b1fa7c943785caa0796e6,company
2025-06-27,1751075541,Tesla Taps Ex-Cruise Exec as AI Director to Supercharge Robotaxi Ambitions,"Tesla hires Henry Kuang, former autonomy lead at GM's Cruise, as new AI director.",Yahoo,https://finnhub.io/api/news?id=b54976d3ea2b223f99077032dc94b7545888db6784079f26aa1c8c755368232c,company
2025-06-27,1751070901,"Dow Jones Futures: Stock Market Hits Highs; Tesla Deliveries, Jobs Report On Tap","Dow Jones futures will open Sunday evening, along with S&P 500 futures and Nasdaq futures. Tesla deliveries and the June jobs report are on tap this coming week. The stock market rally had a powerful week, with the S&P 500 and Nasdaq hitting record highs on Friday.",Yahoo,https://finnhub.io/api/news?id=a5c465adbb0478b521289a0b7bda07ccc54ad23fc3f4b3b40eab1d380b554b8f,company
2025-06-27,1751065440,"After a Rough Patch, U.S. Charitable Giving Rallied in 2024","Starting with a 2017 tax-law change, followed by the pandemic and inflation, philanthropy had struggled. But a hot stock market helped drive contributions, particularly from individuals.",Yahoo,https://finnhub.io/api/news?id=211c3502379fdfc9c151ae2a0bb840664d204145bab2f65cbb05134f17b07e9b,company
2025-06-27,1751065200,"Constellation earnings, Tesla deliveries, tax bill: What to Watch","Asking for a Trend host Josh Lipton takes a look at the top stories for investors to watch next week. Constellation Brands (STZ) will report first quarter earnings on Tuesday after the closing bell, with analysts expecting a 5.6% decline in adjusted earnings per share (EPS). Tesla (TSLA) will release its second quarter vehicle delivery and production numbers on Wednesday amid its domestic and European sales challenges. On Thursday, the June jobs report will be published in the morning and is expected to show 110,000 new jobs added and unemployment ticking up to 4.3%. Meanwhile, Senate Republicans are racing to revise and pass President Trump's tax bill before the self-imposed deadline on Friday, July 4. To watch more expert insights and analysis on the latest market action, check out more Asking for a Trend here.",Yahoo,https://finnhub.io/api/news?id=d169c462a191d7e8f5e85a023177f7e0c8185437d703aaa9c7004d49215dfda2,company
2025-06-27,1751064494,"Cathie Wood's Ark Invest Continues To Offload Coinbase, Bets Big On SoFi Technologies","Cathie Wood-led Ark Invest made notable trades on Friday, including selling shares in Coinbase and Roblox.",Benzinga,https://finnhub.io/api/news?id=a363d446f480f0ed9819d6f7b6b0419e0b38652356e224fe0cdb936687996ff1,company
2025-06-27,1751063433,Veteran fund manager misses more than just Tesla,"Robinhood, Coinbase, and RKLB waiver after Pal's call; investors unsure if crypto is next breakout.",Yahoo,https://finnhub.io/api/news?id=91b635f2b0398448c83727945753fcf690f402fd35c3870a55c4810c553d2576,company
2025-06-27,1751062994,"Stock Market Week Ahead: Q2 Wrap With Tesla, June Jobs And A Big Deadline",The stock market rides some momentum into the second half of the year. Tesla and other automakers report deliveries.,Yahoo,https://finnhub.io/api/news?id=a56960a9ed099029ea9b46d6ba830885e2ad15e45b832cd7c4cb61a86db6c5ad,company
2025-06-27,1751058960,"The Score: Bumble, Tesla, Shell and More Stocks That Defined the Week","Per a regulatory filing, Bumble expects the cuts to generate up to $40 million in annual savings.  Chief Executive  Whitney Wolfe Herd —who returned to the company in March—told employees in a letter Wednesday that she hopes the cuts make the company “more agile.”",Yahoo,https://finnhub.io/api/news?id=147aab5d1bcd3aa4925da0001a306a5b30bcd00d6f59399f80ea701cf27b1266,company
2025-06-27,1751057460,"These Stocks Moved the Most Today: Nike, Nvidia, Coinbase, Palantir, Boeing, Newmont, Core Scientific, and More",Nike’s fiscal fourth-quarter earnings fall sharply from a year earlier but the stock rises following the athletic apparel company’s first-quarter revenue forecast.,Yahoo,https://finnhub.io/api/news?id=723051d8239d601e0f0a26a0d6a45d244ccb445823f2a68c2ae34468ce1c1f4f,company
2025-06-27,1751055026,Elon Musk Says First Tesla Drove Itself From Factory to Customer,"(Bloomberg) -- Tesla Inc. Chief Executive Officer Elon Musk said a Tesla Model Y SUV drove itself from the company’s factory near Austin to a customer’s home in the company’s latest move to showcase its push into autonomous driving. In a post on X, Musk announced the company had made an autonomous delivery of a Tesla Model Y from factory to a customer’s home, noting the delivery was made “across town,” and included highways. Musk said the delivery did not include anyone in the car and no remote",Yahoo,https://finnhub.io/api/news?id=25c23443319fba6411fdeaa42c5fa36953c470450c221cd848f11bc241ab80d6,company
2025-06-27,1751032237,These Tesla-Rival China EV Stocks Show Strength Amid Model Y Killer Release,"Tesla rival Xiaomi officially launched its Model Y killer on Thursday, and reportedly secured more than 200,000 orders in the first three minutes the vehicles was available, adding pressure to Tesla in the highly competitive Chinese EV market.  Meanwhile, Chinese robotaxi leader Hesai Group soared nearly 20% on Thursday.  Tesla launched a limited robotaxi ride-hailing service in Austin, Texas, on Sunday.",Yahoo,https://finnhub.io/api/news?id=7d6ccb68f5e9b2afa165a9c1a2d87da31173a341b0ead4cc4188374560445156,company
2025-06-27,1751053604,Tesla completes first fully autonomous Model Y delivery ahead of schedule,Tesla CEO Elon Musk said on Friday that the first fully autonomous delivery of Model Y from the factory to a customer's home across town was completed a day ahead of schedule.,Yahoo,https://finnhub.io/api/news?id=1483699a54d48f7b8205d91c0cca2e458e001546d70c31a9447afc37503cb534,company
2025-06-27,1751050093,"Tesla, Inc. (TSLA): It’s Okay For Robotaxis To Make Mistakes, Says Jim Cramer","Tesla, Inc. (NASDAQ:TSLA) is one of the Jim Cramer Says Trump’s Angry At Everybody & Discusses These 11 Stocks. Tesla, Inc. (NASDAQ:TSLA) is another feature of Cramer’s morning show. Despite tumultuous share price performance in 2025, Cramer continued to assert before the firm’s recent share price gains that the stock had a lot of potential […]",Yahoo,https://finnhub.io/api/news?id=75e5e8b63496f4ff14a8309736d8146254d95274731de35bb1906fafebbcaef4,company
2025-06-27,1751049900,TechCrunch Mobility: The Tesla robotaxi Rorschach test and Redwood’s next big act,Welcome back to TechCrunch Mobility — your central hub for news and insights on the future of transportation. Sign up here for free — just click TechCrunch Mobility!,Yahoo,https://finnhub.io/api/news?id=4c38366d76ccb9e4b9421e949c4ab987d707dc0e3b88e0d9d0471ad1caacc161,company
2025-06-27,1751049900,‘Dumb Money’ Fuels the Stock Market. That’s Good for Robinhood.,"If Wall Street has learned anything in the past few years, it should be that professional investors shouldn’t ignore the so-called dumb money.  While the percentage of trading volume from retail investors has declined a bit from a peak of about 25% in 2020 and 2021, when  GameStop  led the meme-stock market mania, it has still more than doubled from 10% in 2010.  Jefferies listed stocks that the firm’s research analysts rate at Buy but also have high trading turnover and low institutional interest.",Yahoo,https://finnhub.io/api/news?id=10d99e3835e56165f104202ed555e27ebd8073cff599fd3bb7faef3e29df3a40,company
2025-06-27,1751046420,Tesla fires longtime insider as Europe slump deepens,A slide in Europe puts fresh pressure on Musk’s team.,Yahoo,https://finnhub.io/api/news?id=697b38ecf89a055703f7a3897f369f333d60d960f021a93cb77a9907d46b9ad9,company
2025-06-27,1751044542,Uber And Alphabet's Waymo Vs. The Rest: What To Buy In The New Ride-Hailing Era,,SeekingAlpha,https://finnhub.io/api/news?id=c0b04b01b1c5d92119196a65a09a43da47547a2143aefd84aa3506c16160e203,company
2025-06-27,1751043350,"Jobs Report, Economic Data: What to Watch Next Week","This coming week, the U.S. jobs report from June and ISM reports on manufacturing and services will provide updates on economic growth. Here’s what to watch for: Monday, June 30   Economic data: ISM’s Chicago business barometer, due at 9:45 a.",Yahoo,https://finnhub.io/api/news?id=56f131566e5e4e64f68727f0bcf4132b422cf78c49f607670619b05e211cfa13,company
2025-06-27,1751042898,Who is Omead Afshar? How his reported exit impacts Tesla & Musk,"Tesla (TSLA) CEO Elon Musk has reportedly fired Omead Afshar, Tesla's head of manufacturing and operations, according to Forbes. Yahoo Finance Autos Reporter Pras Subramanian explains what the Tesla executive's departure means for the company and CEO Elon Musk. To watch more expert insights and analysis on the latest market action, check out more Market Catalysts here.",Yahoo,https://finnhub.io/api/news?id=84d95da53d50e98346d351cb98a21f1b67c01fa34e0e3f3c3c785eacd17cdadf,company
2025-06-27,1751041868,Story on Tesla hiring Cruise AI executive withdrawn,A story saying Telsa had hired a former Cruise AI executive as the automaker's AI director has been withdrawn. Reuters picked up the story from the news website Electrek. There will be no...,Finnhub,https://finnhub.io/api/news?id=b0433269b3d2a94ad904be6c7916e2f878384c4b2ba6b2ea989d06b622146642,company
2025-06-27,1751040861,Tesla Q2 delivery update: What to expect,"Tesla (TSLA) will report its most recent delivery numbers on Wednesday, July 2. Yahoo Finance Autos Reporter Pras Subramanian outlines what to expect from the electric vehicle (EV) pioneer's sales report. To watch more expert insights and analysis on the latest market action, check out more Market Catalysts here.",Yahoo,https://finnhub.io/api/news?id=44f5288db8c487830276c9c89390cca3434d4ab1370a6a65e3ce862dade67235,company
2025-06-27,1751039228,"Pomerantz Law Firm Investigates Claims On Behalf of Investors of Tesla, Inc. - TSLA","NEW YORK, June 27, 2025 /PRNewswire/ -- Pomerantz LLP is investigating claims on behalf of investors of Tesla, Inc.  . Such investors are advised to contact Danielle Peyton at...",Finnhub,https://finnhub.io/api/news?id=c1fa81822ccb429c477b9b386bdf50ee072f86b7639284d2ccb9dc1b08575af1,company
2025-06-27,1751031732,Tesla fails to end Florida lawsuit over fatal Model S crash,"Tesla failed to persuade afederal judge to end a lawsuit over the death of a woman struckafter an Autopilot-equipped Model S ran off the road in KeyLargo, Florida, paving the way for a possible...",Finnhub,https://finnhub.io/api/news?id=eac49d651a5bc508376656a1ae3a618cb9819d5987f5c7d82cea4591d6a429c1,company
2025-06-27,1751024232,"Tesla hires former Cruise executive as AI director, Electrek reports","Tesla has hired formerCruise executive, Henry Kuang, as the automaker's AI director,according to a report by news website Electrek on Thursday, asthe company looks to expand robotaxi operations in...",Finnhub,https://finnhub.io/api/news?id=74ab8130805248d43734e4a45a46f8cb0906c3d57ccf7fc5739c162b8e2e9b13,company
2025-06-27,1751021721,KOID: Investing In Humanoid Robotics And Embodied Intelligence At A Global Scale,"KOID is the first US-listed ETF for the booming humanoid robotics market, projected to outpace automakers by 2050. Read why KOID can be for long-term investors.",SeekingAlpha,https://finnhub.io/api/news?id=a5dc3a3f13a3c55272f94cdf39f5db39c4f332fbe004cd37b9f8da518a7e6c3d,company
2025-06-27,1751010660,Billionaire Dan Loeb Sold Third Point's Entire Stake in Tesla in Favor of a High-Yield Dividend Stock That's Doubled in Under 2 Years,Third Point's value-focused billionaire chief dumped a stock priced for perfection for one that's reasonably inexpensive amid a historically pricey market.,Yahoo,https://finnhub.io/api/news?id=a5a017a0b91af98e290e4a21128cff66b55265867322d8a9f94e70e5d84b4461,company
2025-06-27,1751009852,Elon Musk Backs Satya Nadella's View That AI Must Produce 'Socially Useful' Results: 'The Real Question In The Next Five Years Is...',"Tesla (NASDAQ: TSLA) CEO Elon Musk endorsed Microsoft (NASDAQ: MSFT) Satya Nadella&#39;s perspective on the practical impact of AI, emphasizing its benefits to sectors like healthcare, education, and productivity.",Benzinga,https://finnhub.io/api/news?id=74f05a4021300634b76fd582139a277af44de5de5a9fdbc4ad2672cca1ff3b5c,company
2025-06-27,1751008829,"Alphabet: More Than Search, It's An Investment In The Future",Alphabet's diversified innovation pipeline and risk management make it my strongest long-term conviction. Find out why GOOG stock is a Buy.,SeekingAlpha,https://finnhub.io/api/news?id=99145a42f601389e8361567bcc6fbacbd2e89108f74d6c56a3ffce5bff08aa50,company
2025-06-26,1751006589,"Xiaomi shares hit record as EV orders soar, raising pressure on Tesla","STORY: The pressure just keeps mounting for Tesla in China.Friday saw local rival Xiaomi announce exceptionally strong orders for its new YU7 electric vehicle.The car is aimed squarely at Tesla’s Model Y, and undercuts it on price.Analysts say it also comprehensively beats the U.S. vehicle on specs and performance.Xiaomi says it secured 289,000 orders in the car’s first hour on sale.That was more than three times the level its first car model last year - the SU7 sedan - and almost triple market expectations.Analysts say Tesla’s Model Y will probably lose market share in China as a result.That would rub salt in the wound for the U.S. firm, which has been steadily losing ground to Chinese rivals.Its share of the EV market there has fallen from 15% in 2020, to about half that level over the first few months of this year.Xiaomi’s SU7, for one, has outsold Tesla’s competing Model 3 every month since December.Analysts at Citi say Elon Musk’s company may have no choice but to cut prices in response.They say it may also have to offer its so-called “Full Self Driving” system for free, instead of as a charged option.Tesla didn’t respond to a request for comment on its plans.Xiaomi shares shot 8% higher on Friday’s news, hitting a record high.Though they later pared some of those gains, the stock has still more than tripled over the past year.That values the firm - until recently better known for its smartphones - at nearly $200 billion.",Yahoo,https://finnhub.io/api/news?id=7c3271b17c4ee1233fcfef484571373432f42e8df5affedc00783107f91151ff,company
2025-06-26,1751005800,Chart Of The Day: Big Tech Is So Back - Again,"Since the stock market bottomed out on April 7, weâve seen most (though not all) of the biggest tech stocks rocket higher. Whatâs behind the resumption of the Big Tech trade? Read more here.",SeekingAlpha,https://finnhub.io/api/news?id=d266afdaaf44186e736cff995f7c6772312f6bf78b7fb58aff0a18cc58147e9c,company
2025-06-26,1751005448,Tesla fires VP of manufacturing Omead Afshar amid declining EV sales,Tesla CEO Elon Musk fired the carmaker's vice president of manufacturing and operations following a falloff in auto sales in the nation's largest markets this year.Omead Afshar oversaw more than six...,Finnhub,https://finnhub.io/api/news?id=43bec3f8c1b49b282ff2a6fb28ba32c5004a38cf1c46bcb315c97113bdf873a3,company
2025-06-26,1750996980,Xiaomi Takes Aim at Tesla With New SUV,"A new sport-utility vehicle launched by Xiaomi has drawn a rush of first-day orders, signaling the arrival of what analysts say might be a “Tesla killer.”  Preorders for Chinese consumer electronics giant Xiaomi’s YU7, unveiled Thursday, hit 200,000 units in the first three minutes of sales, and 289,000 in the first hour, the company said.  At the launch, Xiaomi founder Lei Jun compared the YU7 to Tesla’s Model Y, pointing out that it was about $1,395 cheaper.",Yahoo,https://finnhub.io/api/news?id=1f72ed2a3d723a3a34e99fd99d4cb7415db7447f6cfc295a3c685ae0ff99494c,company
2025-06-26,1750991894,"Peak Tesla? Market Share Erosion, Robotaxi Safety Issues And Overstretched Valuations",,SeekingAlpha,https://finnhub.io/api/news?id=f36eac23b9e6909ae1b6783bc071636bfee7f92aee586e716fb4d4a145e9e251,company
2025-06-26,1750989430,"Tesla Model Y-rival Xiaomi YU7 SUV Receives Nearly 300,000 Orders In 1 Hour In China","Xiaomi launched YU7, a new EV SUV, to challenge Tesla&#39;s Model Y. It received 289,000 orders in 3 minutes and undercuts Model Y by $1,400.",Benzinga,https://finnhub.io/api/news?id=368e2578c6af6259176887443fad0d70fb53b0723d467604ae88908af228fb2a,company
2025-06-26,1750988665,"Orders surge for Xiaomi's new YU7 electric SUV, shares jump to record high","SHANGHAI (Reuters) -Xiaomi won more orders than expected for its new YU7 electric sports utility vehicle in the first hours after it went on sale, sending the company's shares up 8% to an all-time high.  The Chinese EV and smartphone maker on Thursday priced its new electric YU7 SUV from 253,500 yuan ($35,364), almost 4% below Tesla's Model Y.  The YU7 received 289,000 orders in the first hour on sale, Xiaomi said.",Yahoo,https://finnhub.io/api/news?id=39a880584497f21ab5f31ad3fd50c63ab705be8dfb055d566fea2dffe60daaa0,company
2025-06-26,1750988171,PRESS DIGEST- Wall Street Journal - June 27,June 27 - The following are the top stories inthe Wall Street Journal. Reuters has not verified these storiesand does not vouch for their accuracy. - United States...,Finnhub,https://finnhub.io/api/news?id=200bd1b757c0f1a0a1114cc02cd8f178c70db42718009e2cc2cdab2aac857095,company
2025-06-26,1750986900,Circle Internet Group (CRCL) Taps Into Stablecoin Boom Amid Frothy Valuation,"Circle Internet Group (CRCL) has quickly become the third most actively traded U.S. stock, an unusual feat for a company with a $60 billion market cap and an IPO less than a month old. In the last trading session, the stock notched up over 1 million shares in trading volume compared to an average daily volume of ~45k. In recent days, the stock rose from ~$210 to almost $300 per share before paring gains and now trading around $222. While such intense volume draws attention, it also raises questi",Yahoo,https://finnhub.io/api/news?id=48e0b5d487730b84d256797dda645d983f1f391302d794d9e224dfc021941fce,company
2025-06-26,1750985100,"Why the World’s Largest EV Maker, BYD, Remains Undervalued","BYD Company (BYDDF) may now be the world’s top-selling EV maker, but it remains underappreciated by Western investors. According to Main Street data, BYD has delivered over 4 million vehicles in 2024. While building out a strong battery and charging ecosystem, and a vertically integrated, tech-driven business model, BYD is far more than a regional Tesla rival. Its global expansion and innovation pipeline support a bullish long-term view—I’m assigning a Buy rating. Evaluating the Chinese EV Giant",Yahoo,https://finnhub.io/api/news?id=83e21215dbc578d3adce4809d174ba4d6fffe06e189d126f1c319a883bc7cc78,company
2025-06-26,1750981800,Touchstone Sands Capital Select Growth Fund Q1 2025 Commentary,"The Touchstone Sands Capital Select Growth Fund (Class A) outperformed its benchmark Index for Q1 ended March 31, 2025. Click here to read the full commentary. ",SeekingAlpha,https://finnhub.io/api/news?id=650f463e70e6c94c80d5916838b7c9235e96f36db4cb9ac7498aecdeafc77093,company
2025-06-26,1750976742,Tracking Philippe Laffont's Coatue Management Portfolio - Q1 2025 Update,,SeekingAlpha,https://finnhub.io/api/news?id=7755c9c1bd3dcf0520d961ee7866418cfcef8e7b8fba8e7c596b6fe3b768217e,company
2025-06-26,1750976347,Bumper orders for Xiaomi's new SUV heighten threat to Tesla,Exceptionally stronginitial orders for Xiaomi's YU7 electric sport utilityvehicle sent shares in the automotive newcomer to a record highon Friday and fanned speculation that Tesla may have tocut...,Finnhub,https://finnhub.io/api/news?id=0c471798931b72e7e0f2e644d269f0276104fa3878b47da97e49146ffc2f9fa6,company
2025-06-26,1750976129,"Xiaomi Launches YU7 SUV, Undercuts Tesla's Model Y With 200,000 Orders in 3 Minutes","The YU7 received over 200,000 orders within three minutes of launch.",Yahoo,https://finnhub.io/api/news?id=61781b9948235c15fc07ddfa112d82b1e881cea0afd53cf75d80e2fd8dfa2a02,company
2025-06-26,1750975494,The ‘next wave of AI growth’ could come from humanoid robots,"Nvidia (NVDA) notched another record close as investor enthusiasm around artificial intelligence (AI) continues to grow. Dave Mazza, CEO of Roundhill Investments, joins Asking for a Trend to break down Nvidia’s momentum and why his new ETF is betting on humanoid robots as the next wave of AI innovation. To watch more expert insights and analysis on the latest market action, check out more Asking for a Trend here.",Yahoo,https://finnhub.io/api/news?id=77ec06507e8b5550d5fa247ed25f2fccf4ccef6c717c0640d041cfa81ba6fc9d,company
2025-06-26,1750975223,Tesla Fires Top Executive Omead Afshar as EV Sales Slump in U.S. and Europe,"Leadership shakeup comes amid Cybertruck struggles, declining deliveries, and rising pressure from Chinese rivals",Yahoo,https://finnhub.io/api/news?id=066c08ca1a98ea04f144eac20f630fd40f033d836de21b7951f32c6dff653fa1,company
2025-06-26,1750973820,Tesla Stock Slipped. Its Head of Sales and Manufacturing Left.,"Omead Afshar, who had just been promoted to the role last year, has left Elon Musk’s electric vehicle maker, according to multiple reports.",Yahoo,https://finnhub.io/api/news?id=cc3fff08d25bd95f8b60524b0182f760e84506e91ef0a4fb2f85456f6e9b94f7,company
2025-06-26,1750971480,Longtime Musk Aide and Fixer Omead Afshar Leaves Tesla,"The departure of Afshar, who oversaw sales and manufacturing in North America and Europe, comes as Tesla struggles with declining global sales.",Yahoo,https://finnhub.io/api/news?id=4ffbb874b54a6c13bcfdcf22841d4b35e1fd68f9e45f6fc4df6c02ca9051423a,company
2025-06-26,1750971000,UPDATE – DitchIt Detonates Iconic Twitter HQ Sign,"DitchIt Detonates Iconic Twitter Sign Twitter Bird Iconic sign detonated SAN FRANCISCO, June 26, 2025 (GLOBE NEWSWIRE) -- In a dramatic move that captured the spirit of Silicon Valley disruption, Ditchit — the emerging online marketplace and OfferUp competitor — made headlines by acquiring and detonating the original 560-pound Twitter bird sign once perched atop Twitter’s San Francisco headquarters. Filmed in the Nevada desert, the explosive sendoff featured a 15-person production crew, four Tes",Yahoo,https://finnhub.io/api/news?id=a6588fbfe5be66c158f60ebbc2830d6c4370e8046b28244744361c5655d96ecc,company
2025-06-26,1750969380,"These Stocks Moved the Most Today: Nvidia, Micron, Palantir, Core Scientific, Coinbase, Worthington Steel, and More","Nvidia extends gains after shares of the AI chip maker close at a record high, while Micron falls even as earnings handily beat analysts’ estimates.",Yahoo,https://finnhub.io/api/news?id=bef3becc2ae9bbe7dd2e3200f9048a9ca7ec13c4a693990ffe54c0adc2a17031,company
2025-06-26,1750968565,Nvidia rally persists: What worries this analyst about AI trade,"Nvidia (NVDA) climbs higher, hitting fresh record highs. However, the artificial intelligence (AI) chipmaker and its ""Magnificent Seven"" peers have underperformed other AI-related names in the S&P 500 (^GSPC), like Palantir (PLTR), Vistra (VST), and Dell (DELL). Wall Street Horizon head of corporate event research, Christine Short, tells Market Domination host Josh Lipton, Yahoo Finance anchor Julie Hyman, and Yahoo Finance Markets Reporter Josh Schafer that it's competition with Chinese AI companies that she worries could threaten the AI play. To watch more expert insights and analysis on the latest market action, check out more Market Domination here.",Yahoo,https://finnhub.io/api/news?id=1980538dd0dd8f643b3e5557212d0c10c58fe91a7b68ee1cebff984ac79caa30,company
2025-06-26,1750967641,Pony AI stock surges after NYT reports Uber-Kalanick talks for acquisition,Investing.com -- Pony AI (NASDAQ:PONY) stock rose 15% after The New York Times (NYSE:NYT) reported that Uber (NYSE:UBER) is in preliminary talks with its former CEO Travis Kalanick to help fund his acquisition of the U.S. arm of the autonomous vehicle company.,Yahoo,https://finnhub.io/api/news?id=f995533df94fcf817ec2d1c0f48f2e6bec25c1d351c52d8e3340ee0f3eaf5038,company
2025-06-26,1750965246,"New car price inflation may already be here, and tariffs will make it worse: Cox Automotive","The analysts at Cox Automotive believe tariff-induced price hikes are coming for new cars, and it's possible they're already here.",Yahoo,https://finnhub.io/api/news?id=1aa704df171cc15fd5549ae879db4217106675596dc2c1b383d178ad8569479d,company
2025-06-26,1750962720,DitchIt Detonates Iconic Twitter HQ Sign,"Twitter Bird Iconic sign detonated DitchIt Detonates Iconic Twitter Sign SAN FRANCISCO, June 26, 2025 (GLOBE NEWSWIRE) -- In a dramatic move that captured the spirit of Silicon Valley disruption, Ditchit — the emerging online marketplace and OfferUp competitor — made headlines by acquiring and detonating the original 560-pound Twitter bird sign once perched atop Twitter’s San Francisco headquarters.Filmed in the Nevada desert, the explosive sendoff featured a 15-person production crew, four Tesl",Yahoo,https://finnhub.io/api/news?id=3769bf598a40b24634bace735dd99f887576f5f2a22c20a630a1c961e55d88bf,company
2025-06-26,1750961582,Musk Confidant Afshar Leaves Tesla in Latest High-Level Exit,"(Bloomberg) -- Omead Afshar, a powerful executive at Tesla Inc. and one of Elon Musk’s closest confidants, has left the company, according to people familiar with the matter, the latest high-level departure during a volatile period for the electric vehicle maker.Most Read from BloombergPhiladelphia Transit System Votes to Cut Service by 45%, Hike FaresUS Renters Face Storm of Rising CostsSqueezed by Crowds, the Roads of Central Park Are Being ReimaginedMapping the Architectural History of New Yo",Yahoo,https://finnhub.io/api/news?id=48337cfa3cedc4394d2553d0bc49d980bb131f3f988b24640edc80c98ce8189d,company
2025-06-26,1750959790,Elon Musk’s right-hand man ‘quits Tesla’,One of Elon Musk’s closest allies at Tesla has left the company amid a deepening crisis at the electric carmaker.,Yahoo,https://finnhub.io/api/news?id=a81d3ea47334d0a348b5c1a229f1d2d3f2ffaa1b3b4d5a4fd895dc516fe223c8,company
2025-06-26,1750958705,BYD scales back production amid market challenges – report,"The company, which claims to have sold 4.27 million cars in 2024, predominantly in China, has targeted a near-30% rise in sales to 5.5 million in 2025.",Yahoo,https://finnhub.io/api/news?id=f8621c0100d50c606aaebc784ec1b6d478b8a944923e6769574e7b3a359c396c,company
2025-06-26,1750958509,"Tesla exec. & Musk confidant reportedly ousted, US stocks rise","John Hyland outlines some of the top stories on the trading day on this rendition of Yahoo Finance's Market Minute. Micron (MU) shares fall despite reporting earnings results that beat estimates. Tesla (TSLA) executive Omead Afshar has left the company, according to Bloomberg, with Forbes reporting Afshar was fired. Novo Nordisk (NVO) announces a weight loss drug partnership with Weight Watchers, just after the pharma giant cut ties with Hims & Hers (HIMS). Stay up to date on the latest market action, minute-by-minute, with Yahoo Finance's Market Minute",Yahoo,https://finnhub.io/api/news?id=62337e9dce65f707d8ad84b438b38f08237fcbe0618ff9552bbfbc044e89a7fd,company
2025-06-26,1750958332,"Stock Of The Day Trounces Nvidia, Bitcoin With Plush Stock Gains","Shares of the unassuming Build-A-Bear Workshop have soared more than 2,200% in the past five years, nearly six times the performance of Tesla, 10 times Meta Platforms and even beating Nvidia's 1,606% increase.  At long last, Build-A-Bear is the IBD Stock of the Day.  While Nvidia, Meta and other stock market winners spend billions developing software and hardware, the secret to Build-A-Bear's success is a mix of fabric and stuffing.",Yahoo,https://finnhub.io/api/news?id=55ca556272a1cb7044370444e15e5abecc6c07bf9c38fc0e3abdd4188d5dc470,company
2025-06-26,1750956621,Elon Musk reportedly fires Tesla’s top sales exec,"Omead Afshar, one of Musk's top lieutenants, is out after more than seven years at the company. He was elevated to a VP role in late 2024.",Yahoo,https://finnhub.io/api/news?id=f2ebe75276aeae38e74c06d794708dac1b1ba906863e690c9cbf5f8591e2e7ba,company
2025-06-26,1750956490,Musk Confidant Leaves Tesla in Latest Executive Departure,"A Tesla executive and key confidant to CEO Elon Musk, Omead Afshar, has left the company, according to people familiar with the matter. This latest high-level departure comes during a volatile period for the electric vehicle maker. Ed Ludlow and Caroline Hyde discuss this latest development on ""Bloomberg Tech.""",Yahoo,https://finnhub.io/api/news?id=0151e60f93905e76f1b0d4aa5415c729af44bf02c86ec1cc8bccb4d70c95fdd2,company
2025-06-26,1750955051,Big Bet On Elon's Optimus: First Humanoid Robot ETFs Target $5 Trillion Empire,"Two ETFs have made their first move toward a robotics-driven future, each with a unique take on what may become a $5 trillion sector by 2050.",Benzinga,https://finnhub.io/api/news?id=84d1222073912f550830eb8279d918f547242bfe47999cfdcab93fe4f220f265,company
2025-06-26,1750952044,Xiaomi Takes Aim At Tesla's Model Y With YU7 Launch In China,"Xiaomi Corp. (Pink: XIACY) shares are trading higher Thursday after the company officially launched its new electric SUV, the YU7, undercutting Tesla Inc (NASDAQ:TSLA) on price and reporting a flood of pre-orders within minutes.",Benzinga,https://finnhub.io/api/news?id=a554884a517b7264e314dfffa4052fe5e2630169588c0d17efcab0da4fb36727,company
2025-06-26,1750951800,"Robotaxi Concerns, A Healthier Nvidia, AMD Momentum With Sara Awad, Tech Contrarians",,SeekingAlpha,https://finnhub.io/api/news?id=8872ccaaa2261da098fa1851c1d94c2ad532b38a29fcd4c9246fdcb5ef94b450,company
2025-06-26,1750950193,"'Thank You, Elon:' Musk's Longtime Aide Reportedly Fired Days After Public Praise","Elon Musk&#39;s close aide Omead Afshar was reportedly fired just days after publicly praising Tesla&#39;s robotaxi push.
",Benzinga,https://finnhub.io/api/news?id=1c393e01e22615c0d97d2d302d84ff3fa187539b5a65c6a4432792582eab04a8,company
2025-06-26,1750947677,TESLA : Buy rating from RBC,"In a research note, RBC analyst Tom Narayan has maintained his recommendation on the stock with a Buy rating. The target price remains set at USD 307.",Finnhub,https://finnhub.io/api/news?id=f1e59b33f16b6d3b9a9ed8760082b4159f0a0f7dc66912101e435982854b4f3e,company
2025-06-26,1750946607,"Tesla Gives Up Robotaxi Gain, But Receives Target Hike Ahead Of Vehicle Deliveries",Tesla stock continued to give back gains from Monday's stock market surge following the robotaxi launch on Sunday.,Yahoo,https://finnhub.io/api/news?id=fd5164d55c5df8ed91a49771a3e0991f1429abc648107fe88acf7b6cbf9fdc0b,company
2025-06-26,1750946069,"Xiaomi launches YU7 priced from 253,500 yuan, challenging Tesla's Model Y","BEIJING (Reuters) -Chinese EV and smartphone maker Xiaomi on Thursday priced its new electric YU7 SUV 10,000 yuan ($1,395) cheaper than Tesla's Model Y, stepping up the challenge to the U.S. firm in the world's largest auto market.  The base model of the YU7 starts from 253,500 yuan ($35,364), with the more premium models YU7 Pro and YU7 Max priced at 279,900 and 329,900 yuan respectively.  Xiaomi will take orders for all three models from Thursday night.",Yahoo,https://finnhub.io/api/news?id=2f5cc6105bea26aaeeea5b0dd9ed9a40090a1b35288418c3f09f9d86424c595e,company
2025-06-26,1750942010,"Stock Market Today: Dow Jones Rises After Surprise GDP, Jobless Claims; Nvidia Keeps Climbing (Live Coverage)",The Dow Jones index rose Thursday after surprise GDP data and jobless claims. Nvidia stock hit a new buy point Wednesday.,Yahoo,https://finnhub.io/api/news?id=3f08b04343329e57b47712fc1365de80fcaf7b97b314c4e371309d7e26007259,company
2025-06-26,1750944342,Tesla's Robotaxi: Worth Way More Than Waymo,,SeekingAlpha,https://finnhub.io/api/news?id=6fa8b40b36cf9b12891c5fb20174641b0cb4d74f99cd335deca4af5e31bc0e10,company
2025-06-26,1750943148,Lyft taps drivers for strategic input to help navigate robotaxi rollout,"While robotaxis promise increased efficiency and lower costs, they also threaten the livelihoods of gig workers who rely on platforms like Lyft and larger rival Uber  for income.  The inaugural session will include six to eight Atlanta-based drivers and coincide with Lyft's upcoming autonomous ride launch with May Mobility this summer in the city.  Waymo has expanded its fully autonomous ride service in Phoenix and San Francisco, while Uber has partnered with several self-driving technology companies to operate driverless taxis in some markets.",Yahoo,https://finnhub.io/api/news?id=ef23b7fb9e8bae9dbff936333fce851818bbeae38196242c4383d9d2f8bf616e,company
2025-06-26,1750940830,"Tesla executive, Elon Musk confidant leaves EV maker, source says","Tesla executive and aconfidant of CEO Elon Musk, Omead Afshar, has left the company,according to a person familiar with the matter. Afshar, who was part of the CEO's office at Tesla,...",Finnhub,https://finnhub.io/api/news?id=fd5ffb8707e939b2ce978194ebc5b57e09b2532baae485ec5229a99b17eeb173,company
2025-06-26,1750939200,"LiveOne (Nasdaq: LVO) to Host Thursday, July 3rd Special Conference Call; Record Earnings, B2B Updates, Tesla Conversion and Substantial Ad Growth","LOS ANGELES, June 26, 2025 (GLOBE NEWSWIRE) -- LiveOne (Nasdaq: LVO), an award-winning, creator-first, music, entertainment, and technology platform, announced today that it will be hosting a conference call on Thursday July 3, 2025, to discuss results for the fourth fiscal quarter (""Q4 Fiscal 2025”) and fiscal year ended March 31, 2025 (""Fiscal 2025"") and provide a business update. To access the call, please use the following information: Q4 Fiscal 2025 and Fiscal 2025 Earnings Conference CallD",Yahoo,https://finnhub.io/api/news?id=1b6a49375bc9ff122e9f6c53ee3d160be55d2157ea025fa81280340d8d3e064b,company
2025-06-26,1750938814,Amazon Is Stalled... But That Won't Last,,SeekingAlpha,https://finnhub.io/api/news?id=a64ad0ce230f9225541033a59db56632713caaf4dcb96b0e4acdbf3392e45e58,company
2025-06-26,1750938790,"Tesla executive, Elon Musk confidant leaves EV maker, Bloomberg News reports","Tesla executive and aconfidant of CEO Elon Musk, Omead Ashfar, has left the company,Bloomberg News reported on Thursday, citing people familiar withthe matter. Ashfar, who was part of...",Finnhub,https://finnhub.io/api/news?id=659c9f855f2c5122784266c1d5d6e51e2ad370149ad23429c00e14d885422965,company
2025-06-26,1750930380,"These Stocks Are Moving the Most Today: Nvidia, Micron, Coinbase, H.B. Fuller, Worthington Steel, Nike, and More","Nvidia extends gains after shares of the AI chip maker close at a record high, while Micron advances as earnings handily beat analysts’ estimates.",Yahoo,https://finnhub.io/api/news?id=e0de2947089ebec29a201ad5b485e438481f36f418025a755f3578ff0ac7f5c0,company
2025-06-26,1750938478,"Dow Jones Futures Rise, Micron Climbs On Earnings After Nvidia Hits Highs, Tesla Robotaxi Rally Round-Trips",Micron rose late on strong earnings. Nvidia hit a new high. Tesla round-tripped its robotaxi gain. The Circle IPO fell again.,Yahoo,https://finnhub.io/api/news?id=0622e40033562b56dd4f028704a34a13eb2eb6b2642709400836773617c2a503,company
2025-06-26,1750937831,This Week In Energy Transition - Carbon Management and Renewable Fuels Propel Sustainable Energy Shift,"Recent findings from BCC Research highlight key advancements in the global transition towards sustainable energy. The 2024 Sustainable Energy Research Review details the increasing momentum of carbon management technologies and renewable fuels in supporting decarbonization across various sectors, including those traditionally hard to abate, such as heavy industry and transportation. The report outlines significant growth projections for the Carbon Dioxide Removals (CDR) market, carbon...",Yahoo,https://finnhub.io/api/news?id=935a72096c3a2e58007954226e980d2ff9dac81e877f151bfcad95e931a34d4a,company
2025-06-26,1750937340,Tariffs Take A Toll: What To Expect From Interim Auto Reports Next Week,The upcoming interim reports from global car companies will be a crucial early indicator of how recent tariffs and shifts in consumer spending are impacting the US auto industry.,SeekingAlpha,https://finnhub.io/api/news?id=411ec37fcca497ca1f80449865428873c043185506b81ef5a835210f5d398251,company
2025-06-26,1750935600,Is It Time to Buy BYD Before Its Next Ambitious Move?,Its strategy of focusing on more affordable electric vehicle models in Europe is paying off.  BYD is also building out a fast-charging network in Europe to help drive market share growth.  One potential challenge: consumer interest in EVs has been declining recently in Europe.,Yahoo,https://finnhub.io/api/news?id=e8f0372b302728ee65ba6dfd13314984ce1dedaa4546a2602eab0ea27aecbb7b,company
2025-06-26,1750935193,"Xiaomi launches YU7, undercutting Tesla's Model Y on price","Chinese EV and smartphonemaker Xiaomi on Thursday priced its new electric YU7SUV from 253,500 yuan , almost 4% below Tesla's ModelY, stepping up the challenge to the U.S. firm in the...",Finnhub,https://finnhub.io/api/news?id=d7ef5fc3f6b85491fd2c5fb11fb7a887f9577e238261325e1b844c53541c90fb,company
2025-06-26,1750934448,"Social Buzz: Wallstreetbets Stocks Mostly Higher Premarket Thursday; AMD, Micron to Advance",The most-talked-about stocks in the Reddit subforum Wallstreetbets were mostly higher hours before T,Yahoo,https://finnhub.io/api/news?id=15173ab64814e6244a241f2f9abe9d6ee0f33005c02ba4cc6bc702b4d996f4c2,company
2025-06-26,1750933937,Software group Visma picks London for IPO,Visma to snub Amsterdam for London IPO in rare win for UK's stalling market,Yahoo,https://finnhub.io/api/news?id=b266454c46a6849a11a586c50700eb3627f276a0a307410cb376e810c01ada13,company
2025-06-26,1750932963,Palantir Short Sellers Bail as Top S&P 500 Stock Keeps Climbing,"(Bloomberg) -- Investors betting against Palantir Technologies Inc. are throwing in the towel as the software maker’s shares keep pushing higher, aided by fervent retail traders and heightened geopolitical tensions.Most Read from BloombergUS Renters Face Storm of Rising CostsUS State Budget Wounds Intensify From Trump, DOGE Policy ShiftsCommuters Are Caught in Johannesburg's Taxi Feuds as Transit LagsMapping the Architectural History of New York’s ChinatownShort interest in Palantir as a percent",Yahoo,https://finnhub.io/api/news?id=82be1d7e7f42a01728fadfc06ed7bd04aa4626e58b5a5c16de65548035fa85c6,company
2025-06-26,1750930800,Tesla Stock Ticks Higher. Why Robo-Taxi Excitement Is About to Be Tested Again.,"It’s still looking like a good week for the shares, but upcoming data could further challenge the recent optimism over Tesla’s robo-taxi launch.",Yahoo,https://finnhub.io/api/news?id=f146796dd13b5e8c28cf9563ea3c7ef24844e82a0545962603986d2a64035667,company
2025-06-26,1750930200,Tesla’s Robotaxi Launch Shows Google’s Waymo Is Worth More Than $45 Billion,"Waymo was last valued at just $45 billion, while autonomous technology drives most of Tesla’s $1 trillion value.",Yahoo,https://finnhub.io/api/news?id=b1c8e64ebd4a7e81f79d29ece0f6cf98186d78d71374de8b70fb599a37c638f2,company
2025-06-26,1750929115,Tesla To Rally Around 45%? Here Are 10 Top Analyst Forecasts For Thursday, ,Benzinga,https://finnhub.io/api/news?id=7eca3fecff226c5997983587de24c4cca719e94be119e74a10b9d0982ec56f4f,company
2025-06-25,1750920900,Victory Diversified Stock Fund Q1 2025 Commentary,"In the first quarter, the Victory Diversified Stock Fund A-Shares (without sales charge) underperformed its S&P 500Â®Index benchmark by 95 basis points.",SeekingAlpha,https://finnhub.io/api/news?id=e24c741fcfd4e69f1d780d535565edcb9e22315ebcd90aa2aa6c1dbb7547c944,company
2025-06-25,1750917697,IN CASE YOU MISSED IT-Schedule of Reuters features from this week,"June 26 - Every week, Reuters journalists produce scoresof multimedia features and human-interest stories from aroundthe world. Below are some stories from this week selected by...",Finnhub,https://finnhub.io/api/news?id=e4f641f05e7277ce59ab91e892d1043351f8d8ea08998e18c12dc75c6f270b60,company
2025-06-25,1750916700,AMG Montrusco Bolton Large Cap Growth Fund Q1 2025 Commentary,,SeekingAlpha,https://finnhub.io/api/news?id=1c474c655ef68acd9258781d828a7d18578ea24ef5df7ceda1fb3eb71bdb923a,company
2025-06-25,1750914320,"Metaplanet Overtakes Musk's Tesla, Becomes Fifth Largest Corporate Bitcoin Holder","The Tokyo-listed firm now holds 12,345 BTC.",Yahoo,https://finnhub.io/api/news?id=32a1999ec3789be05b4fc429f10723c2670257d683329dc38982c013bf97a73b,company
2025-06-25,1750890354,"Dow Jones Futures: Nvidia Hits Highs, Tesla Robotaxi Rally Round-Trips; Micron Rises Late On Earnings",Micron rose late on strong earnings. Nvidia hit a new high. Tesla round-tripped its robotaxi gain. The Circle IPO fell again.,Yahoo,https://finnhub.io/api/news?id=a3490816f9d5680aea7e91173c87aa4ae9c1c464d2aa23e39685f1568e51b509,company
2025-06-25,1750889189,What's next for Tesla as its European demand evaporates,"Tesla (TSLA) stock slides after data showed that the company's European sales dropped nearly 28% in May, even as overall electric vehicle (EV) demand in the region rose. Yahoo Finance Senior Reporter Pras Subramanian joins Asking for a Trend host Josh Lipton and Fundstrat Global Advisors managing director and global head of technical strategy Mark Newton to discuss what's behind Tesla's slump and how the stock might move going forward. To watch more expert insights and analysis on the latest market action, check out more Asking for a Trend here.",Yahoo,https://finnhub.io/api/news?id=78c66658295d961163379d2ab0c6fdff1f1ff65e863acf8029640e063aad8517,company
2025-06-25,1750888803,Podcast: Stock Indexes Finish Mixed as Israel-Iran Cease-Fire Holds,"The Dow Jones Industrial Average lost 107 points, but the Nasdaq Composite gained 61. Tesla logged another month of steep sales declines in the European Union. Plus: FedEx stock dropped after the shipping company said it expects to lose $170 million as a result of tariffs.",Yahoo,https://finnhub.io/api/news?id=ac6e2c2b4baa452a700347f56d7125dc21182a79b6f4157b20ecd0877531d1db,company
2025-06-25,1750888800,China’s Xiaomi to Launch First SUV as Shares Near Record High,"(Bloomberg) -- The unveiling of Xiaomi Corp.’s first electric SUV on Thursday will showcase how the Chinese tech company has become an investor darling with its high-stakes bet on the auto market.Most Read from BloombergUS Renters Face Storm of Rising CostsUS State Budget Wounds Intensify From Trump, DOGE Policy ShiftsCommuters Are Caught in Johannesburg's Taxi Feuds as Transit LagsMapping the Architectural History of New York’s ChinatownShares of the firm founded by billionaire Lei Jun are with",Yahoo,https://finnhub.io/api/news?id=094f33ed702303122db351aefcc5db9bfb2596826ec439b988a94859bd41c428,company
2025-06-25,1750888020,Former EV high-flyer surges on battery breakthrough,This next-gen tech upgrade has Wall Street buzzing.,Yahoo,https://finnhub.io/api/news?id=7212438f64cbf6100ae6413f2fe5c147ba4198e27bc6ae8071197ff036f2dc4e,company
2025-06-25,1750884631,Wall Street Mixed as Traders Parse Powell's Remarks; Nvidia Hits Record High,US equities closed mixed Wednesday as investors assessed latest comments by Federal Reserve Chair Je,Yahoo,https://finnhub.io/api/news?id=c4dcbd2ea2ae43418651d694afe25c481192a857ace2aab17cb79e445ebfbf57,company
2025-06-25,1750883502,"Stocks to Watch Recap: BP/Shell, Robinhood, General Mills","? Shell (SHEL): The energy company is holding early-stage talks to acquire rival BP (BP) in what would be the largest oil deal in a generation, The Wall Street Journal reported. U.S.-listed stock in BP rose 1.",Yahoo,https://finnhub.io/api/news?id=9b4d45dc19008c088cf8078e1e92087df40d094e7548349c582e6efe6accf2f2,company
2025-06-25,1750882860,Tesla Stock Slips. This Is What Eclipsed the Robo-Taxi Hype.,"Tesla  stock fell Wednesday, as more troubling sales data from Europe rolled in.  Investors remain focused on Tesla’s launch of a robo-taxi business in Austin, Texas.  Wednesday’s drop left Tesla stock up about 2% for the week.",Yahoo,https://finnhub.io/api/news?id=4d63c4f4992451f94005cfa07390b781787680b40575db9bd0d682c99fefb25d,company
2025-06-25,1750881307,Tesla's robotaxi peppered with driving mistakes in Texas tests,"STORY: Chief Executive Elon Musk has tied Tesla's financial future to self-driving technology, and with Tesla sales down, the stakes are high. He said Tesla would roll out the service to other U.S....",Finnhub,https://finnhub.io/api/news?id=292bb91a04c3aaa4cb637540ac41a68fc812561bb46723d1326eb233defcd8e0,company
2025-06-25,1750881263,Tesla Tanks on Weak Sales--But Investors Still Chase the Robotaxi Dream,"As deliveries plunge in Europe, Wall Street stays obsessed with autonomy over actual car sales",Yahoo,https://finnhub.io/api/news?id=1e678258edaa3b997087a13287cb05753be0877354eb87468a65a3a84a3720da,company
2025-06-25,1750881150,Tesla’s Robotaxis Reportedly Sped and Veered Into the Wrong Lanes. Does This Crush the Bull Case for TSLA Stock?,"Tesla stock surged over 8% after its robotaxi initiative launched in Austin, Texas. However, it now faces a few regulatory concerns.",Yahoo,https://finnhub.io/api/news?id=5c1f12ac0645b436f501a641df820a28d244daec18b8ddbc086b2a43ebb5332a,company
2025-06-25,1750881128,Sector Update: Consumer Stocks Slide Late Afternoon,"Consumer stocks were lower late Wednesday afternoon, with the Consumer Staples Select Sector SPDR Fu",Yahoo,https://finnhub.io/api/news?id=003edc9edf6df5b4a9f3f5a5c3dfacfce7526abdb41defd7e9664a626dd867cb,company
2025-06-25,1750881118,NHTSA Investigates Tesla Robotaxis After Reported Traffic Violations in Austin Launch,"Tesla Inc. (NASDAQ:TSLA) is one of the best US tech stocks to buy now. On June 24, Bloomberg reported that the US National Highway Traffic Safety Administration/NHTSA is investigating incidents involving Tesla’s self-driving robotaxis, which reportedly violated traffic laws during their first day of paid operations in Austin, Texas. The agency confirmed on June 23 […]",Yahoo,https://finnhub.io/api/news?id=9d8a4c9c87596c6c75940b403ad531b77452a70dd2f4427b00dc1165ebcbb4d6,company
2025-06-25,1750880040,"Elon Musk’s AI Superchip Set for August 1st Reveal, According to Wall Street Veteran","New technology could power the most advanced autonomous systems ever built—and reshape the AI landscape in the processWASHINGTON, June 25, 2025 (GLOBE NEWSWIRE) -- Wall Street veteran Enrique Abeyta is calling attention to a new AI development from Elon Musk: a custom-built superchip designed to power Musk’s Dojo supercomputer and enable fully autonomous systems. According to Abeyta, the chip is already “six times more powerful than [Nvidia’s] best-selling chip” and built specifically for AI tha",Yahoo,https://finnhub.io/api/news?id=0b7b47ad3ce20b4482672b02683e8b7550e512b2a8ed47866be7902566a92e9f,company
2025-06-25,1750878720,Excitement over Tesla’s robotaxi could still overshadow downbeat delivery numbers,Excitement over Tesla’s robotaxi could still overshadow downbeat delivery numbers,MarketWatch,https://finnhub.io/api/news?id=73cf615412cc09397a711c06c3dd84b64f494a72eed177babc6a5e207e503e6f,company
2025-06-25,1750875975,Tesla: Robotaxis' Dream Versus Harsh Reality,"Tesla, Inc.'s $1T valuation is unsustainable amid declining profits, weak margins, and AI overhype. Click for my updated look at TSLA and its robotaxi plans.",SeekingAlpha,https://finnhub.io/api/news?id=3886d5d93b26b56433d22b0074ca1c05b538cda142ac712d12311e5a5c0ff368,company
2025-06-25,1750864437,Tesla: The Party Is Coming To An End,"Tesla, Inc. faces challenging times as underperformance lingers. Musk's political ties hurt the brand, and overvaluation makes it a Sell. Click for my TSLA update.",SeekingAlpha,https://finnhub.io/api/news?id=f5b7009037a20c4d72db258e6347c383f8316a9673be4016794e37fbc3a5bc1e,company
2025-06-25,1750862962,Big Tech ETF wobbles as Tesla shares slide,Big Tech ETF wobbles as Tesla shares slide,MarketWatch,https://finnhub.io/api/news?id=5778e2520081fd4ecb3ae4595ef90cdc55725bd06007dedbca46c7c7e151ab42,company
2025-06-25,1750859226,Europeans angry with Musk still aren't buying his cars as Tesla sales drop for fifth month in a row,"NEW YORK — Europeans still aren't buying Teslas with figures out Wednesday showing sales plunged for a fifth month in a row in May, a blow to investors who had hoped anger toward Elon Musk would...",Finnhub,https://finnhub.io/api/news?id=f8353b1b4354b3862ed7bb0d03e606b07e2fa5a020f4669d0f5e1529925bf617,company
2025-06-25,1750858777,"Tesla's robotaxi launch could drive industry disruption and market share gain, analysts say","Piper Sandler backs Tesla as a long-term winner in autos, even as valuation fears swirl.",Yahoo,https://finnhub.io/api/news?id=1bb488c9b56045e2e9fd369bda5cacaec67c0744841e42e7bcf74283af880efa,company
2025-06-25,1750857629,Tech Stocks Notch New Highs As Chipmakers Power The Rally: What's Driving Markets Wednesday?,"Tech stocks climbed to new highs early Wednesday, with the Nasdaq 100 briefly touching 22,329 points after the opening bell, surpassing its previous peak from February 19. ",Benzinga,https://finnhub.io/api/news?id=cbf35c3946d7927edac095989e1c4c8062a0eaadbe79f6e2ca8019f99edb6cea,company
2025-06-25,1750857036,Stock Market Today: Indexes Strive For Gains Ahead Of More Powell Testimony; FedEx Dives On Earnings (Live Coverage),Stock Market Today: The Dow Jones index tried to move up ahead of more Powell testimony Wednesday. FedEx dived on earnings.,Yahoo,https://finnhub.io/api/news?id=5f6f4c116bbedf207c278c76f4a007abf94c32ded6d2b5f46cb62a2c442a5d83,company
2025-06-25,1750855032,Latest News In Electric Vehicles - Asia Pacific Market Poised for $612 Billion Growth by 2029,"The Asia Pacific electric vehicle and charging infrastructure market is projected to experience substantial growth, reaching a market value of $612.31 billion by 2029. This market expansion is supported by detailed analyses of market opportunities and dynamics across the region, as highlighted in a report featuring over 50 key performance indicators (KPIs). The report offers insights into various segments such as vehicle types, charging infrastructure, propulsion types, and locations,...",Yahoo,https://finnhub.io/api/news?id=f3a8426a846ff324a98f223e53dce3661cfd329592e761d30b23f7d96f8d5827,company
2025-06-25,1750854875,Uber Stock Soars as Waymo Robotaxis Hit More Streets in Atlanta,Uber Soars 7%: Expands Robotaxi Deal With Waymo in Atlanta,Yahoo,https://finnhub.io/api/news?id=eef7f9df6a2e29027fe5363e9b4a08d076078424eacc6731d39e2a4eb723d19f,company
2025-06-25,1750854240,It’s Alphabet vs. Tesla. Waymo Adds Another City With Uber.,It’s Alphabet vs. Tesla. Waymo Adds Another City With Uber.,MarketWatch,https://finnhub.io/api/news?id=d8306d8603c87b2d36afcb71cb8a47ba42d92bf64c53218545bfd330567ed65f,company
2025-06-25,1750854133,"Waymo, Zeekr And The Robotaxi",,SeekingAlpha,https://finnhub.io/api/news?id=7e61949eaf0bbcabcc55d85e1e40203fc736ee20e314e8005fa669a2b434500f,company
2025-06-25,1750854060,Tesla’s European Sales Stunk. Why the Stock Is Rising.,"Tesla  stock rose early Wednesday, despite more troubling sales data from Europe.  Investors appear to be solely focused on Tesla’s Sunday launch of a robo-taxi business in Austin, Texas.  Shares of the electric vehicle maker were up 1.1% at $344.08 in premarket trading, while  and  futures were each broadly flat.",Yahoo,https://finnhub.io/api/news?id=68a617310d48f39d71b0f12921d4447047edffa36a41cae2fd99d45a41d0d21c,company
2025-06-25,1750852423,"Nvidia, Amazon, Tesla Among Tech Stocks Hedge Funds Are Piling Into — Here's How ETFs Like IVV, SPY, VOO Are Riding The Wave","Hedge funds poured billions into tech stocks such as Nvidia, Microsoft, Amazon, Tesla during Q1. Even ETFs like the IVV, experienced big inflows.",Benzinga,https://finnhub.io/api/news?id=9e9f5beb8142bc7ea385af871a7d57d6160fc4e38848c0c25c4f50b1819cff65,company
2025-06-25,1750852093,5 Things to Know Before the Stock Market Opens,"News of the day for June 25, 2025",Yahoo,https://finnhub.io/api/news?id=61d790174537e51129936b093a6ed5088233d3d451c55f671f9eaddcc789bc08,company
2025-06-25,1750850425,Skoda electric car sales overtake Tesla in Europe after Musk backlash,Skoda has overtaken Tesla for electric vehicle (EV) sales in Europe as motorists continue to shun Elon Musk’s carmaker in protest against his support for Donald Trump.,Yahoo,https://finnhub.io/api/news?id=e1c2376aa714cd79855732b86be3d5afadbfd7336b6436aceb5b976a7e38bd00,company
2025-06-25,1750849517,Tesla's European sales slump for fifth month,"STORY: Tesla's new car sales in Europe fell just under 28% in May from a year earlier.That was despite sales of fully-electric vehicles rising over 27% in the region.That's according to trade data released Wednesday (June 25) by the European Automobile Manufacturers Association.Tesla's European sales have now fallen for five straight months as customers switch to cheaper Chinese EVs.Some potential buyers have also protested against Tesla CEO Elon Musk's politics.Tesla's European market share dropped to just 1.2% in May from 1.8% a year ago.The U.S. EV maker's revised Model Y has yet to show signs of reviving the brand's fortunes.It was aimed at revamping the company's aging model range.Particularly when traditional automakers and Chinese rivals have launched EVs at a fast pace amid trade tensions.Chinese manufacturers kept up their strong growth in Europe last month despite EU tariffs on the country's EVs.They doubled market share to 5.9%, according to separate data released Tuesday.BYD registered nearly as many vehicles as Tesla in May, after outselling it in April.",Yahoo,https://finnhub.io/api/news?id=a54d4a47bc0f3847e5a18ed8aaf263647f607e6e3688d54c7fe64bba88a4a67e,company
2025-06-25,1750848880,Tesla: further drop in registrations in Europe in May,Tesla shares fell over 5% on Wednesday morning on the New York Stock Exchange as its new car registrations fell by a further 28% in May in Western Europe.According to figures from the European...,Finnhub,https://finnhub.io/api/news?id=53d4f3ee4f6372ee549c8fd1d9a6c2774801b45eb64e90cbb7a25028866eb134,company
2025-06-25,1750848321,Chinese Automakers Speed Past Tesla in Europe,"The vacuum is being filled by BYD, SAIC and other Chinese automakers.  The U.S. electric-vehicle pioneer was the worst-performing major manufacturer in Europe through May, according to sales data released Wednesday.  The fastest-growing manufacturer listed by ACEA, a local association of car manufacturers, was China's SAIC.",Yahoo,https://finnhub.io/api/news?id=86081a9c4e02621cb2e6dba0ffc59d9bcf739d5bbea673d87aefd87db5d9ca0e,company
2025-06-25,1750848300,Nvidia CEO Jensen Huang Thinks Tesla Has a Multitrillion-Dollar Artificial Intelligence (AI) Opportunity Up Its Sleeve (Hint: It's Not Robotaxi),Tesla has several ambitions rooted in in artificial intelligence (AI) to grow beyond the core car business.,Yahoo,https://finnhub.io/api/news?id=dd9f6e8ff0e58327660770e55fc12c8370e485ccda6998308892a01ce7325cc1,company
2025-06-25,1750846680,1 Surprising Reason Rivian Stock Is a Buy in 2025,"Rivian's sales growth should spike in 2026.  When it comes to sales growth, it's been a tough couple of years for Rivian.  Sales of electric vehicles industrywide has been below expectations, and weak consumer confidence has keep interest muted for the company's two luxury vehicles -- the R1T and R1S -- both of which can cost upwards of $100,000, depending on options.",Yahoo,https://finnhub.io/api/news?id=c746a3f53de19993d520932f104d27c1f245fcb5bf6fdfd39e84b92821585c0a,company
2025-06-25,1750845889,Cathie Wood's 2030 Math: Tesla Rockets Past SpaceX By $5.7T,"Cathie Wood&#39;s ARK Invest predicts Tesla stock will reach $2600 by 2030, while SpaceX could hit $2.5 trillion. Despite this, Tesla remains ARK&#39;s top pick.",Benzinga,https://finnhub.io/api/news?id=a04d69b939b1bc74ee20a383484e64c73190559ba6f1f025bb577940377bd4e5,company
2025-06-25,1750845630,Tesla EU Sales Tumble for Fifth Straight Month,"Tesla's sales in the European Union tumbled for a fifth consecutive month in May, even though overall new battery-electric vehicle registrations kept rising.",Yahoo,https://finnhub.io/api/news?id=14ccd0c04c43b987f4099824e92f2cb6fe9afc17eeba96dc8fb9b76f3f9b9586,company
2025-06-25,1750845600,Large cryptocurrencies mixed as Tronix declines,Large cryptocurrencies mixed as Tronix declines,MarketWatch,https://finnhub.io/api/news?id=fa46aa7c0c758f0612fbeb21945374221a1bb6ee2e0f521f6c1ab078861f66ce,company
2025-06-25,1750844100,"Trending tickers: Tesla, Micron, FedEx, Babcock and Halfords",The latest investor updates on stocks that are trending on Wednesday.,Yahoo,https://finnhub.io/api/news?id=e6aafe731864d9decec968f5f0b36a8bc53c18104b8e651f14f1d343f85db366,company
2025-06-25,1750842600,Goldman Sachs Rising Dividend Growth Fund Q1 2025 Commentary,"Over Q1 of 2025, Goldman Sachs Rising Dividend Growth Fund returned -1.00% (IâShares, net) vs. the benchmark's  (S&P 500) -4.27%, Click here to read the full commentary. ",SeekingAlpha,https://finnhub.io/api/news?id=0deaee4c5c1da223b6d5821f3106b2e13459f6f8eb322fec7b7276150a338704,company
2025-06-25,1750842012,"Stocks to Watch Wednesday: FedEx, QuantumScape, Tesla","? Tesla (TSLA): The EV maker logged another month of steep sales declines in the European Union. Tesla's new-car registrations fell more than 40% in May, data from a European industry body showed. ↘️ FedEx (FDX): The delivery company said it expects a $170 million headwind this quarter from a change in tariff rules that sliced demand for packages shipped to the U.",Yahoo,https://finnhub.io/api/news?id=18efe647762ec7b2d275a10cd53020cf68dc5090d4c1518d3c4d8c5268b62445,company
2025-06-25,1750841752,"BYD slows production, delays expansion at China factories, sources say","STORY: BYD has slowed its production and expansion pace in recent months.That's according to two sources close to the matter.They said the Chinese electric vehicle giant reduced shifts at some factories in its home market and delayed plans to add new production lines.The decisions might be a sign BYD's strong sales growth over the past couple of years could slow.It also faces rising inventory even after offering deep price cuts in China's highly competitive auto market.The sources said BYD canceled night shifts and lowered output by at least a third at some of its factories.They added the measures were imposed on at least four facilities, and BYD had suspended some plans to set up a new production line.BYD's expansion in recent years drove it to overtake Tesla as the world's largest EV maker.It sold 4.27 million cars last year.The automaker has at least seven car factories in China and targeted a near-30% rise in sales this year.Reuters was not able to identify the exact scale of the production reduction and expansion suspension.It could also not find out how long these measures may last.One of the sources said the moves were aimed at saving costs.While another said they were imposed after sales failed to meet targets.BYD did not immediately respond to a request for comment.",Yahoo,https://finnhub.io/api/news?id=00260a04e2188b33a543086b431aa914cea690839362b8271ccdcd8ea62b76c9,company
2025-06-25,1750840800,Better EV Stock: Rivian vs. Tesla,"With Tesla's vehicle sales sliding, shareholders are pinning their hopes on its robotaxi business.  Rivian is looking to launch a cheaper SUV to appeal to a more mainstream audience.  Tesla (NASDAQ: TSLA) has long been the leader in the electric vehicle (EV) market, but several upstarts have also entered the picture in recent years.",Yahoo,https://finnhub.io/api/news?id=a3d01724fea12695cc01aac8bb68a2fbe68b5a39862893dbab8dc33ffe73fb84,company
2025-06-25,1750839377,Tesla robotaxis get mixed reactions in Austin,"STORY: :: People in Austin share their mixed feelings as Tesla's self-driving robotaxis start showing up in the city:: June 24, 2025:: Austin, Texas""I think they're pretty cool. I just feel like there have been so many accidents when it comes to like Teslas and stuff like that that are also self-driving that I feel like it'll probably have the same issues.""""What If the computer malfunctions or you get into an accident? You know, how do you, how do you? Does it call for help for you right away? Do you, do you have to do something? How do you, you know,  you get out? It's a, do you have to, have the license insurance? How does it work? That safety is my, would be my, biggest thing.""""My thoughts are actually about the jobs that they're taking away from cab drivers. But I am interested in the idea of AI driving as long as it's safe.""Tesla started a limited, paid robotaxi test service and deployed a dozen or so self-driving cars in Austin, Texas on Sunday (June 22).The tightly controlled pilot comes as Tesla and rivals like Waymo face scrutiny over the safety and future of autonomous ride-hailing on U.S. roads.",Yahoo,https://finnhub.io/api/news?id=92a4b41349ba00b3222532eece3a93b492433b2ee5c29b0f0a341025e0d07ff3,company
2025-06-25,1750838210,Pony AI (PONY) Rallies 16.7% as Founder Not Threatened by Tesla Robotaxi Foray,"We recently published These 10 Stocks are Stealing the Spotlight. Pony AI Inc. (NASDAQ:PONY) is one of the stocks that soared higher on Tuesday. Pony AI jumped by 16.73 percent on Tuesday to end at $13.26 apiece as investor sentiment was buoyed by comments from its co-founder, suggesting that he was not threatened by Tesla’s robotaxi […]",Yahoo,https://finnhub.io/api/news?id=cc0998b4def9881d93a40d3704093d66705c2360efc84760cb2f9cfbc2c03918,company
2025-06-25,1750837661,"Tesla Enters Indian Market With Showroom Openings, Model Y Launch in July","Tesla Inc. (NASDAQ:TSLA) is one of the best Fortune 500 stocks to buy according to billionaires. On June 20, Tesla announced that the company is set to enter the Indian automobile market, with its first showrooms expected to open in July this year. The initial launch will see showrooms in Mumbai, anticipated by mid-July, followed […]",Yahoo,https://finnhub.io/api/news?id=e2a01c8aa58d47dbf0c2e750748eb28072aaa944d1d4b287f11acc7bbe90e445,company
2025-09-30,1759275046,"While Tesla Is Warning Trump, These Two Rivals Are Quietly Hitting Fresh Highs On Wall Street As EPA Seeks To Repeal 2009 Endangerment Finding","As Tesla Inc. (NASDAQ:TSLA) recently urged the Trump administration against repealing the 2009 Endangerment Finding, the EV giant's rivals are nearing record highs in pre-market. What Happened: Tesla's two Detroit-based rivals’ stock is performing ...",Yahoo,https://finnhub.io/api/news?id=82efa7d78ebeed359cf6170ab91fcc843c5b2d5e0f9b923877de88a6585790be,company
2025-09-30,1759272900,Fermi IPO Looks Like a Risky Bet on AI Power. The Stock Is About to Start Trading.,"The firm priced its offering at the high end of its expected range, valuing the company at around $13 billion.",Yahoo,https://finnhub.io/api/news?id=aeb2b237017bacb182057a17d3f5c10fa9dff73e7acf5095683f3f5e0a803825,company
2025-09-30,1759267835,Ford CEO says $2 billion in tariff costs prevents more US investments,Ford CEO Jim Farley says tariffs on imported parts are driving up costs on the company's cars.,Yahoo,https://finnhub.io/api/news?id=92ff65ea242a3e3f799bea54cf514659ba8da674d9feb5d5b102daa6a4edb775,company
2025-09-30,1759267064,"Stocks end third quarter on high note as Dow clinches record, Big Tech extends gains as AI trade rolls on","Stocks capped a historic third quarter — and the S&P 500’s best September since 2010 — as investors bet on economic resilience, Big Tech dominance, and AI-driven growth.",Yahoo,https://finnhub.io/api/news?id=745c263eb7cb5a6a9a898129e51c4de807eed6ea0236094ac8d81a69825ffdf5,company
2025-09-30,1759263790,Tesla’s Soaring Stock Puts Focus on Sales Outlook in Robot Shift,"The bet on Tesla is that Musk can transform it from a car manufacturer into an artificial intelligence powerhouse that makes robots and self-driving taxis.  “Tesla trades at an eye-watering multiple, its earnings are shrinking amid softening EV demand and cutthroat competition, and EV credits are about to expire, further dampening sales,” said Irene Tunkel, chief US equity strategist at BCA Research.",Yahoo,https://finnhub.io/api/news?id=f06b6843c9e292a0d2b63d264122f1d25d678b602cf55e57073f0346534579b5,company
2025-09-30,1759243945,"'Don't wait': Today is the last day to get the $7,500 EV tax credit",Buyers in the US looking to take advantage of the federal EV tax credit have one last day to hunt for a good deal.,Yahoo,https://finnhub.io/api/news?id=c20e5def41d8fa1bc426f387bc3a94b3e57828de4d4b430544d11c66b770df6b,company
2025-09-30,1759239327,10 Consumer Discretionary Stocks With Whale Alerts In Today's Session, ,Benzinga,https://finnhub.io/api/news?id=9ea9f1bc88fbba221f0fdac458215fb4377183051e0591c727ed808be56fd4a4,company
2025-09-30,1759239269,Tesla China Finishes Q3 Strong But Global Deliveries Are All About This,Tesla China EV registrations ramped up to their strongest week of the third quarter. But global deliveries will be all about U.S. demand.,Yahoo,https://finnhub.io/api/news?id=f1140138a655e23e997b5cd8f90aa7703066b4bf941a765e01797d76edb27cb1,company
2025-09-30,1759237204,Why Investors Need to Take Advantage of These 2 Auto-Tires-Trucks Stocks Now,Why investors should use the Zacks Earnings ESP tool to help find stocks that are poised to top quarterly earnings estimates.,Yahoo,https://finnhub.io/api/news?id=696be2be269bb0a4e90aa2135adcb501592d9331407eda8ae0fc0a8a84f8da3b,company
2025-09-30,1759237200,"DoorDash unveils Dot, its autonomous robot built to deliver your food",DoorDash's 350-pound autonomous vehicle will hold your food in its robot mouth as it drives 20 miles per hour to deliver it to you.,Yahoo,https://finnhub.io/api/news?id=613c7aa5ac5cb21407f3bc254814976872aaa1752d2fc8d8d58e4c0ce6463f7d,company
2025-09-30,1759235472,"Tesla Price Target Lifted to $490 at Canaccord on Rising Deliveries, Energy Demand",Canaccord analysts see upside from new vehicle models and utility demand.,Yahoo,https://finnhub.io/api/news?id=925c34e2b83fd3e7ec5490dfa108d4fd795ef0e8573ac00b25a69c09ecd6aa08,company
2025-09-30,1759234567,QuantumScape Teams Up With Corning To Boost Next-Gen Battery Production,"QuantumScape (NYSE:QS) stock gained on Tuesday after it joined forces with Corning (NYSE:GLW) to develop ceramic separator manufacturing capabilities for next-generation solid-state lithium-metal batteries. The partnership aims to scale high-volume production of QuantumScape’s ceramic separators, a core component of its solid-state battery technology designed for commercial use. QuantumScape, known for pioneering solid-state battery innovation, and Corning, a global leader in glass, ceramics, an",Yahoo,https://finnhub.io/api/news?id=ab5221edecfd4191ca4ffa1fa82c4d07c6301ca8b90bf1f6c5b77ca7abe7e92b,company
2025-09-30,1759233180,Tesla Price Target Hiked to $490. The Stock Is Falling.,Tesla stock has been on a surge this month and Canaccord analyst George Gianarikas think there's potential for it to go further.,Yahoo,https://finnhub.io/api/news?id=7688424b10fe659b7097319a64c7494c73397844d3c8dd2fd56e2777c9558a25,company
2025-09-30,1759233156,Deregulation May Hurt Retail Traders But Brokerages Stand To Benefit; Expect More Unexpected Bankruptcies,"



To gain an edge, this is what you need to know today.",Benzinga,https://finnhub.io/api/news?id=109861f292fa1b17710bd3e771c2700090eea3c2533c1640213a87a5c471ec41,company
2025-09-30,1759232234,This Week In Energy Transition - Sarawak's Solar Energy Leap Powers Green Data Transformation,"A significant development in the realm of energy transition is taking place in Sarawak, Malaysia, where Founder Group Limited announced a RM1.16 billion [USD276 million] agreement for a groundbreaking solar-plus-storage project. This large-scale renewable energy facility, comprising a 310 MWp solar photovoltaic power plant coupled with a 620 MWh battery energy storage system, is set to bolster the region's clean energy capabilities. A pivotal aspect of this initiative is the establishment of...",Yahoo,https://finnhub.io/api/news?id=153320082fc230921508fa2fd122cafb952b7ca0b02caa2688d03676602fd957,company
2025-09-30,1759231800,Elon Musk warns US will be ‘toast’ if 1 problem isn’t solved — says the government is ‘basically unfixable.’ Prepare now,See why the billionaire is sounding the alarm.,Yahoo,https://finnhub.io/api/news?id=12e2f5844ca3f7425182841a46c204a944d9c40d59d16449c8dac1dd16b5b3e8,company
2025-09-30,1759231723,Let's Talk About SCHD And Its Miserable 5-Year Track Record,Discover why SCHD's performance lagged after years of outpacing peers and if its strong dividend strategy can fuel future gains.,SeekingAlpha,https://finnhub.io/api/news?id=db2834ac2e2eda58fe172c9ffeb654ea0b9eefc6a8a413ef244eab18d6f36cee,company
2025-09-30,1759223298,Tesla's EV Future Is Threatened By China's '700-Pound Gorilla',Chinese EV makers are threatening Tesla&#39;s growth in its 2nd-largest market. CEO Jim Farley warns that American automakers can&#39;t keep up.,Benzinga,https://finnhub.io/api/news?id=92de59e77ef640522dcbd77e0409d668e026aa2cd55b95c922df282c02b3e5d4,company
2025-09-30,1759221046,Ford CEO Sounds Alarm: Jim Farley Warns Tesla Isn't The Threat — It's China's BYD And Xiaomi That Could Crush America's EV Future,"Ford (NYSE: F) CEO Jim Farley isn&#39;t worried about Tesla. He&#39;s worried about China. In his words, Chinese automakers are the &#34;700-pound gorilla&#34; of the electric vehicles (EVs) industry because they offer &#34;great innovation at a low cost&#34;.",Benzinga,https://finnhub.io/api/news?id=663f0a39e58eb6a58ad2758f756c72ad4fe311d4aad2197b7b9ad764ed1d3d4c,company
2025-09-30,1759217400,2 Embarrassing Mistakes I Think Could End Up Making Us A Lot Of Money,Lessons from my big investing mistakes are worth far more than the losses themselves. Check out how I'm turning past errors into opportunities for long-term gains.,SeekingAlpha,https://finnhub.io/api/news?id=09f620c4625bdea621cc10c5326a6d995075a4e210a4b58419cd464450f91752,company
2025-09-30,1759215960,"Tesla, Rivian, and Lucid Will Have Their Fortunes Changed Forever Today, Sept. 30, Courtesy of President Donald Trump","President Trump's ""Big, Beautiful Bill"" is reshaping the electric-vehicle (EV) landscape.",Yahoo,https://finnhub.io/api/news?id=79364e87e08b58ddaf49ddbbb5b9c131fd6b632e50615f8ddffd240b0b37fa87,company
2025-09-29,1759209924,Tesla (TSLA) Reaffirmed Outperform by Baird — Analysts Say Buy the Dip,"Tesla, Inc. (NASDAQ:TSLA) is one of the Buzzing AI Stocks on Wall Street. On September 25, Baird reiterated the stock as “Outperform” stating that investors should buy the dip in Tesla shares. “We recently upgraded shares to Outperform (note here) and see a string of catalysts ahead beginning with the shareholder meeting on November 6.” Tesla, Inc. […]",Yahoo,https://finnhub.io/api/news?id=8f37b08ce5c3440369c5ff359b078e367e74a15d88dfd1e7c4d1d2586436e07a,company
2025-09-29,1759206968,1 Unpopular Stock That Deserves a Second Chance and 2 We Avoid,Wall Street’s bearish price targets for the stocks in this article signal serious concerns. Such forecasts are uncommon in an industry where maintaining cordial corporate relationships often trumps delivering the hard truth.,Yahoo,https://finnhub.io/api/news?id=ee64418036d56efaa59648c2ff1934dc44dc10d2a732b7d0c17eb16071f182f2,company
2025-09-29,1759201226,"Elon Musk's Tesla Urges Buyers To Lock In Orders Before September 30 $7,500 EV Credit Cutoff","Tesla Inc. (NASDAQ: TSLA) has urged customers to lock in purchases ahead of the September 30 deadline for the Federal EV credit to avail the incentive, as Q3 deliveries look poised to exceed analyst estimates. EV Credit Deadline Is Just Around The ...",Yahoo,https://finnhub.io/api/news?id=ec903db98894dbe437677b86374ca0ba86e03264faac6556dc275d3464978fb7,company
2025-09-29,1759189020,Tesla analyst unveils eye-popping stock price target,A popular tech analyst makes the boldest call on Tesla’s next chapter.,Yahoo,https://finnhub.io/api/news?id=43cdf2d6e1b5d7f20cc4fea11567ee8316256ae12594e1a2103ae1935cb9f3ff,company
2025-09-29,1759180294,"Tesla, Inc (TSLA)’s “No Longer A Car Company,’ Says Jim Cramer","We recently published 15 Stocks Jim Cramer Mentioned As He Said Quantum Computing Worried Him. Tesla, Inc. (NASDAQ:TSLA) is one of the stocks Jim Cramer recently discussed. In this Squawk on the Street appearance, Cramer continued to discuss Tesla, Inc. (NASDAQ:TSLA)’s business model. Most of his recent remarks have surrounded the subject, with the CNBC […]",Yahoo,https://finnhub.io/api/news?id=30edbda759c81026502fa06a378aca6baa9ce327f0568e9493f336f5d69d821d,company
2025-09-29,1759178726,Stock Market Today: Dow Up Despite Shutdown Worries; These Stocks Fall On Trump Tariff Threat,The Dow was firm ahead of shutdown talks. President Donald Trump made a tariff threat. EA and Nvidia rose while some issues cleared entries on the stock market today.,Yahoo,https://finnhub.io/api/news?id=42c5c8408fcd47377e06bc1161b37a31dd2f402340560d8fbe528a41ea27b2b4,company
2025-09-29,1759177320,Tesla Stock Rises Again. This Was the Surprise.,"The sales results should drive some additional volatility for Tesla stock, but that is nothing new for investors.  Trading in Tesla stock has been remarkable lately.  Coming into Monday trading, Tesla stock was up 27% over the past month, leaving shares up 9% this year.",Yahoo,https://finnhub.io/api/news?id=f639db58749067bcd254b0b1df92b14d14c03fa098f7f6c6e97575ef08be2f8e,company
2025-09-29,1759176720,"These Stocks Moved the Most Today: Electronic Arts, Nvidia, Intel, Carnival, Western Digital, Occidental, Robinhood, and More","Electronic Arts is being acquired by an investor consortium in an all-cash, take-private deal that values the videogame company at about $55 billion.",Yahoo,https://finnhub.io/api/news?id=c3c079cdfdf2fcecd540926f68d972295cead6e17bf931d0c631dd8294e3ea0c,company
2025-09-29,1759174030,US Plans Thousands of Shutdown Furloughs But Silent on Firings,"At least eight cabinet departments comprising more than two-thirds of the federal workforce had detailed their shutdown plans as of Monday afternoon.  The Centers for Disease Control and Prevention said it had 1,563 positions in “RIF status,” but it was unclear whether those reductions were previously authorized or part of the shutdown plan.  Officials at the CDC and the Department of Health and Human Services did not respond to requests for comment about the language in the CDC contingency plan.",Yahoo,https://finnhub.io/api/news?id=0b954d6b4c237eae29fd673b217f3f4bc97ac66698eb45502dfc10ba319c32e6,company
2025-09-29,1759171163,TSLA: Tesla Bulls And Bears Square Off Ahead of Q3 Deliveries,Tesla Consensus Wavers With Price Targets Spanning $127 To $475,Yahoo,https://finnhub.io/api/news?id=672e182f981d27ec22ce0484848f74be6cd9fbe2897a76dddd3654b415c9e4fe,company
2025-09-29,1759171097,Tesla’s European Sales Rout Continues. When Will It Be Time to Finally Walk Away From TSLA Stock?,"Tesla’s European sales continue to slump amid intensifying competition from Chinese and legacy automakers, raising the question of whether investors should finally walk away from TSLA stock.",Yahoo,https://finnhub.io/api/news?id=76e2dc018a10187f50a8aafa7e7e0d42ae623d95caf8059628689f4789d94c42,company
2025-09-29,1759166670,"Dan Ives, Tom Lee Align On These 13 AI Stock Picks—Some Might Surprise You","When it comes to financial experts that retail traders recognize from spending hours on social media or watching CNBC, Tom Lee and Dan Ives are among the most well-known names. 



Both Ives and Lee have many things in common, including being the names and brains behind new ETF launches.",Benzinga,https://finnhub.io/api/news?id=e5b8a34db876bb0fc0b2bad08220bb39f38157b9462a550dd8af414f8536d51b,company
2025-09-29,1759166220,Cathie Wood makes surprising deeper bet on robotaxis,These trades may reveal Wood's next big conviction.,Yahoo,https://finnhub.io/api/news?id=6616148bc8deff4c463c67b7953a1668ea3ef02658ba955af702b568b7dad210,company
2025-09-29,1759165484,"America's $1 Trillion Gold Shock: Fort Knox, Deficits, and Investor Frenzy","Gold's rally lifts US reserves to record value, stirs fiscal debate and political intrigue",Yahoo,https://finnhub.io/api/news?id=c37f3c1a276b52f21dd42ac28b4fb6124bda37c4cd76e75368fc7957411ec5e1,company
2025-09-29,1759162529,"Tesla Jumps 32% in September as Musk Revs Up Ahead of Deliveries, AGM",Analysts flag AGM as next catalyst while stock trades at 180x 2026 earnings,Yahoo,https://finnhub.io/api/news?id=96c346a8989c5485be6c2ca87f7577f67593575981b42952d9074934ccf9d874,company
2025-09-29,1759162001,Amazon Stock Is Underperforming Badly in 2025. What It Needs in Q4.,"Amazon stock is barely in the green this year and is the worst-performing Magnificent 7 constituent. Management needs to come up with a new story to buoy sentiments, as the previous theme around AWS growth and cost cuts has played out.",Yahoo,https://finnhub.io/api/news?id=b9c55dbc2d7bcb28986673aed7283320145b8c00f7b4c3bd88c2c7273a0aecd2,company
2025-09-29,1759161648,"Tesla Deliveries Due, But This Is The Big News For TSLA Bulls","Tesla Deliveries Due, But This Is The Big News For TSLA Bulls",DowJones,https://finnhub.io/api/news?id=8f4d0898cd29bab1220c8f4de6387fc857e1307ff52b3c8be264ef79bb81e51e,company
2025-09-29,1759161394,"Stock Market Today: Dow Dips With Trump On Shutdown Talks; Nvidia, EA Pop (Live Coverage)","The Dow Jones index was lower with President Trump set to meet for shutdown talks. EA, Nvidia and Tesla rallied on the stock market today.",Yahoo,https://finnhub.io/api/news?id=5714c7504303e0fabe5fa5619eedc1512eecf2b161c86e053155785e594d668d,company
2025-09-29,1759159800,"""I Can See My Work Come to Life"": Collins N. on Making an Impact at Cummins Inc.","Cummins NORTHAMPTON, MA / ACCESS Newswire / September 29, 2025 / When Collins N. first read about Nikola Tesla, he didn't just see an inventor, he saw a model for what engineering could be: imaginative, bold and rooted in impact. ""Tesla's forward-thinking ...",Yahoo,https://finnhub.io/api/news?id=056f8d562200ea685ad6782c20593cccba0ec6707a0061c2611bc94afcab05f1,company
2025-09-29,1759158814,Lucid Motors Just Delivered Its First Robotaxi EV. Here Is Where Options Data Tells Us LCID Stock Could Be Headed Next.,Lucid stock extends gains as the company announced its first delivery of an electric robotaxi. Here’s where options data suggests LCID shares are headed through the end of 2025.,Yahoo,https://finnhub.io/api/news?id=b369f3f9b9ca59537ebe60cbe5e3bc285df9b090176ddf2f3c0456d989a4bae9,company
2025-09-29,1759158781,"Toyota global sales climb in August, powered by US growth despite Trump's tariffs","Toyota reported another bump up in global sales for August, with the US consumer powering the gains.",Yahoo,https://finnhub.io/api/news?id=fdfb9e7d3676af0f052c70b4cf773b5f1eca8fa8ad45c2a3c6263a9b00b42564,company
2025-09-29,1759156140,Tesla Stock Rises Again. Why Volatility Is High.,"Tesla  stock rose early Monday, looking to build on recent gains heading into the company’s third-quarter delivery report due out on Thursday.  The sales results should drive some additional volatility for Tesla stock, but that is nothing new for investors.  Trading in Tesla stock has been remarkable lately.",Yahoo,https://finnhub.io/api/news?id=c22bccde4ff8730ed8a2e5a2c5c9daba9951d543c480726003ff5e3a584da3ec,company
2025-09-29,1759154040,Nasdaq Opens Higher While Shutdown Looms,"Stocks were mostly higher, with Nvidia, Oracle and Tesla shares all rising, as a likely government shutdown loomed over markets at the start of the week.",Yahoo,https://finnhub.io/api/news?id=995357f6050bc9c7a1157ba35afc563654d6189053e51c1ecc808f8ab8abd1a1,company
2025-09-29,1759153680,Top-Ranked Stocks to Play the Electric and Autonomous Vehicle Boom,"With EVs and AVs gaining momentum, QS, BLBD and NSANY are powering ahead with breakthroughs shaping the future of mobility.",Yahoo,https://finnhub.io/api/news?id=6aeac7d1323b4b2ff4bbc6f4560f04937d6f18e07bc028e1294bb30d927890be,company
2025-09-29,1759152935,10 Consumer Discretionary Stocks Whale Activity In Today's Session,"This whale alert can help traders discover the next big trading opportunities.
Whales are entities with large sums of money and we track their transactions here at Benzinga on our options activity scanner.",Benzinga,https://finnhub.io/api/news?id=ee1dea0eebcc2ddc7d719f77fb2db8a33fd3c92fa990528d37e61eb34c483e50,company
2025-09-29,1759151675,Timing The Bubble Top: Circular Spending And Powell's Warning,Get the latest S&P 500 update: Key support tested amid AI spending concerns and Fed warnings on high valuations. Read what investors need to know.,SeekingAlpha,https://finnhub.io/api/news?id=5a1d877dbfbb279285bdabe58ff1d604adebd1fcd8baa23d229ad72a1bf67b0b,company
2025-09-29,1759151027,Why Tesla stock has been rallying in September,"Investing.com -- Tesla shares have surged 32% since the end of August, far outpacing the S&P 500’s 3% gain.",Yahoo,https://finnhub.io/api/news?id=6346576a3987c8b9831db9d2dc2c35261f4f72523f5dfc69567964b4fc125ad7,company
2025-09-29,1759150997,Analyst Says He’s Turned Bullish on Tesla (TSLA) Despite Weak Auto Business – Here’s Why,We recently published Analysts Are Talking About These 10 Stocks as AI Investments Continue to Grow. Tesla Inc (NASDAQ:TSLA) is one of the stocks analysts were recently talking about. CNBC ‘Fast Money’ trader Dan Nathan said in a recent program that he’s turned bullish on Tesla Inc (NASDAQ:TSLA) despite overall weak sentiment and the company’s […],Yahoo,https://finnhub.io/api/news?id=ae6ecf80964f4ac11ee52a12dc9776e9af9741f142506ccdce5a70631ef93bc3,company
2025-09-29,1759147650,"CoreWeave, AstraZeneca, GSK, BYD, Tesla: Trending Stocks","Stocks to watch this morning include CoreWeave (CRWV), the NVIDIA (NVDA)-backed AI cloud scaler, which is rising after some big swings in recent weeks. In the pharmaceutical sector, AstraZeneca (AZN) gains as it announces plans to list in New York, while GSK (GSK) and UCB SA (UCB.BR) are up on appointing a new CEO and positive trial results, respectively. And it's a high-stakes moment for Tesla (TSLA), BYD (1211.HK) and other makers of electric vehicles, amid a global slowdown and as a $7,500 tax credit comes to an end in the US. For more live coverage of markets watch the full episode of Market Sunrise and head to Yahoo Finance.",Yahoo,https://finnhub.io/api/news?id=19a837498b03b3e2fc3f7df3443b2eaef661a029e29cce026daaecbcff193ae8,company
2025-09-29,1759144124,Tesla's Optimus Could Become Obsolete Because Of Gemini Robotics,Tesla's robotics market lead is threatened by DeepMind's AI advances and rising competition. Read the latest analysis on what this means for the stock here.,SeekingAlpha,https://finnhub.io/api/news?id=d9b760d8c9e99d0abc67361eac54fba0bfa24d63703101241389ba117be594a1,company
2025-09-29,1759142588,"Gold Soars On Shutdown Fears But Physical Demand Weakens, Buying Stocks For Window Dressing but Rebalancing Ahead","



To gain an edge, this is what you need to know today.",Benzinga,https://finnhub.io/api/news?id=01ae89b2ef91102f4ed2e025b263bce4faed654d0db8afb230e929d2ab7cbc55,company
2025-09-29,1759142460,Stocks Are Typically Immune to Government Shutdowns. Why It’s Different This Time.,"Federal government shutdown deadline looms, September jobs report could be delayed, Tesla reports EV deliveries, and more news to start your day.",Yahoo,https://finnhub.io/api/news?id=225d0cf3e9e3279d2b6c608752dc47b26af54b8a0037c0f02fd66c6f8182ae88,company
2025-09-29,1759142398,Electric Vehicles Update - Battery Diagnostics Drive Growth in Emerging Technologies,"The global market for EV Battery Health Diagnostics Systems is projected to grow significantly, driven by the increasing adoption of electric vehicles (EVs) in both personal and commercial sectors. Key factors fueling this expansion include concerns over battery safety, performance, and longevity, as well as the high costs associated with EV batteries. Advanced diagnostic systems, leveraging AI and IoT technologies, are crucial for real-time monitoring of battery health, helping to lower...",Yahoo,https://finnhub.io/api/news?id=43815e7a25a6bffd15d7dc837bc0c0db5814a06289ef4a55dce5c3ffd0b7c560,company
2025-09-29,1759140060,"These Stocks Are Moving the Most Today: Occidental Petroleum, Tesla, Nvidia, Intel, Electronic Arts, Merus, and More","A report says Occidental Petroleum is in talks to sell its OxyChem division for $10 billion, while Nvidia shares rise to start the week.",Yahoo,https://finnhub.io/api/news?id=fb874b2b515172072c2599c61b76eaa9299fc4c0c2925d82e1b4b5c1769abcd1,company
2025-09-29,1759140000,Ethereum leads way as large cryptocurrencies post gains,Ethereum leads way as large cryptocurrencies post gains,MarketWatch,https://finnhub.io/api/news?id=b59ba87130e63d68b521f3ba000fb9250b1e1b0ab13766166db5ad7949cd923e,company
2025-09-29,1759139213,Big Tech's Circular Financing Is A Concern,S&P 500 risks rise as Magnificent 7 tech stocks dominate. Discover how XMAG ETF offers diversification without mega-cap tech exposure.,SeekingAlpha,https://finnhub.io/api/news?id=789ad13a7b8e30bfae49e06514f62fd7332a37f00b6b2afa9dd39e79222480c5,company
2025-09-29,1759133220,Should You Buy Tesla Stock Before Oct. 2?,Tesla stock could be headed for a sharp correction if it doesn't commercialize its robotaxi and humanoid robot soon.,Yahoo,https://finnhub.io/api/news?id=27b272301a22c628d845ce9931d5f6a1f7bff5471f22839f1c97b31197551f56,company
2025-09-28,1759114995,"Dow Jones Futures Rise With Tesla Deliveries, Jobs Report Due; 5 Stocks Eye Buy Points","The major indexes bounced to end the week. Palantir, DoorDash are near buy points. Tesla deliveries, jobs date and a possible government shutdown loom.",Yahoo,https://finnhub.io/api/news?id=de0eb11aa74a65a64f916b0962bdb3136bb9fbdbb8e4d0fa7b65023aacb1cb1f,company
2025-09-28,1759107240,Tesla Will Crush Q3 Delivery Expectations: Here's Why,"After navigating a challenging period marked by political backlash, slowing EV growth, and market skepticism, Tesla shares rebounding swiftly. Will this week's delivery numbers be the catalyst that validates the market's renewed optimism in Tesla?",Yahoo,https://finnhub.io/api/news?id=adb18ad836c0d19ad3247bd929e4ecc756dd4ed66f548c05b4a7f4600e552211,company
2025-09-28,1759101203,"Model Portfolio For Capital Appreciation, September 2025",Discover 20 top stocks & 2 ETFs for capital appreciation.,SeekingAlpha,https://finnhub.io/api/news?id=8f0c4de44ea1f1c1c90b42526ac3e93041074b49a2cd0d6bb87d81a3e8640aad,company
2025-09-28,1759097760,Is This a Red Flag for Tesla's Upcoming Q3 Deliveries Update?,Fresh Europe data on August Tesla registrations wasn't pretty.,Yahoo,https://finnhub.io/api/news?id=02d06c46573aabf76e7775cf9d30c3d8873c492db782e6fe9d9270ac1775e0ad,company
2025-09-28,1759092525,Tracking Philippe Laffont's ~$36B Coatue Management Portfolio - Q2 2025 Update,Coatue Managementâs Q2 2025 13F portfolio increased from $22.7B to $35.9B. Check out the significant new stakes and major stake increases in the portfolio.,SeekingAlpha,https://finnhub.io/api/news?id=e6a7fb55076a2ceb31a3f603bae9be018f2d997d5bfc33a8ab9db55e5318fd00,company
2025-09-28,1759088353,Lions' Isaac TeSlaa gets free truck from Ford after jaw-dropping plays,"In a clever marketing move as well as morale booster, Ford Motor Co. gifted Detroit Lions wide receiver Isaac TeSlaa a new all-electric truck.",Yahoo,https://finnhub.io/api/news?id=c2273c62032608b466c2471d20758fa1b1ef890d5f660be59eab9cf862037aec,company
2025-09-28,1759079100,Will Tesla Stock Pop or Drop in 2026?,Tesla shares have proven very volatile in 2025.,Yahoo,https://finnhub.io/api/news?id=8c7929f5355cc56aeb77e78a7395b448a19e21a7422eca05ed77c767511bd16f,company
2025-09-28,1759078802,"Government Shutdown, Job Report and Other Key Things to Watch this Week","Markets enter a potentially volatile week as Washington faces the looming threat of a government shutdown amid Congressional budget negotiations, while investors await Friday's September jobs report.",Yahoo,https://finnhub.io/api/news?id=f66307dcac4fa7b7c3dda477c64bb780d784c1e2bbe69304bbe29b4c5dea09b0,company
2025-09-28,1759074840,Tesla is about to show a snapshot of its global sales. Is recent optimism deserved?,Tesla is about to show a snapshot of its global sales. Is recent optimism deserved?,MarketWatch,https://finnhub.io/api/news?id=fcf6910d6c4bafeabd6275b06eef86a5f3534ef710d384bc3c287528ca23ab22,company
2025-09-28,1759074780,Tesla Reports EV Deliveries This Week. Will There Be Growth?,"Wall Street projects that Tesla will sell almost 450,000 cars in the third quarter, which would be down from the same time a year ago.",Yahoo,https://finnhub.io/api/news?id=9e9cd362ab9634da4907e07d2472fb3a686ebe3035a1d0415a0e5757235481c0,company
2025-09-28,1759070700,Better Electric Vehicle (EV) Stock: Lucid vs. Rivian,Both Rivian and Lucid have exciting growth journeys ahead.,Yahoo,https://finnhub.io/api/news?id=b5398b3972fbd47dd8277c956d7bad5390c9d13aa757819b9ea6b5a5fd3ea412,company
2025-09-28,1759062660,Tesla Is About to Launch a New Vehicle. It May Be a Game-Changer.,A lower-priced Tesla built for autonomy could reaccelerate demand and deepen the company's software story.,Yahoo,https://finnhub.io/api/news?id=7cddb5d88d2f7f8a4ea0404a766bf6bfd08a54ec9841db5e54bdb71991b9e86b,company
2025-09-28,1759061100,"Everyone’s wondering if, and when, the AI bubble will pop. Here’s what went down 25 years ago that ultimately burst the dot-com boom",Sam Altman and Mark Zuckerberg have acknowledged the parallels.,Yahoo,https://finnhub.io/api/news?id=e3c7d516c9bed6e3cdaf5cb0825bf968e36a137e7634bbe627b2803403d5b754,company
2025-09-28,1759060837,Lightship's electric RVs are bringing campgrounds into the future,"Welcome to the campgrounds of tomorrow! Lightship RV is bringing outdoorsmen and road warriors the next generation of electric-powered recreational vehicles. Lightship Co-Founder and CPO (chief product officer) Ben Parker sits down with Asking for a Trend's Josh Lipton for a conversation on their vehicles' EV batteries and solar-powered modules, pricing, and its other features. Parker previously worked as a senior mechanical design engineer for Tesla's (TSLA) battery design team. To watch more expert insights and analysis on the latest market action, check out more Asking for a Trend.",Yahoo,https://finnhub.io/api/news?id=1a8712bb59e472cf130945f3c7aff475a0cf1ee22ff1c64b904e2af7eff7f371,company
2025-09-28,1759055472,"'We Are Witnessing The Rise Of Two Americas,' Says Bernie Sanders. 'One For The Billionaire Class And One For Everyone Else'","Sen. Bernie Sanders (I-VT) is calling attention to the growing economic inequality in the U.S., arguing that the system is not just broken but collapsing for most working people.",Benzinga,https://finnhub.io/api/news?id=dcca3ed7d92fb6b0fe237230ae6718e0639fe5e75cff5575517bf9fa0a131cd5,company
2025-09-28,1759051800,A New Front Opens Between Zuckerberg and Musk Over Robots,The rivalry could be one for the ages—right up there with the feud between Bill Gates and the late Steve Jobs.,Yahoo,https://finnhub.io/api/news?id=2e1367b0946c340507043cdeb2ca2bf98555265bb8ba0d937e74f464f79a335a,company
2025-09-28,1759050600,My Honest Opinion of Tesla Stock,Elon Musk's company is leading the race that all the major automakers have entered.,Yahoo,https://finnhub.io/api/news?id=bbe0d6a1a1475fa271987750939fa1cef04e0ec5958d1397cdfc8cd8f60ad6ba,company
2025-09-28,1759050000,"What To Expect in Markets This Week: September Jobs Report, Fed Speakers, Earnings From Nike, Carnival","Coming up: September jobs report and other labor market data, consumer confidence, factory orders, earnings from Nike, Carnival, Conagra Brands.",Yahoo,https://finnhub.io/api/news?id=630b2fe69d7d72c09c9b8bbb869667d956bf51385941c13d2585a9b69259a522,company
2025-09-28,1759046100,Warren Buffett Just Dumped His Stake in an EV Stock That Berkshire Hathaway Made 20x Gains On. Is the Stock Still a Buy?,Buffett and the Berkshire team took an interest in electric vehicles while the sector was still in the early innings.,Yahoo,https://finnhub.io/api/news?id=29d5a508d0e933f9baf7579e270b9860151697dbb409f3261b36b2782a05c4fa,company
2025-09-28,1759045777,Tesla's Income ETFs: Why TSLY Outshines TSW In A Rally-And-Crash World,"TSLY is upgraded to Buy over TSW, offering better risk management and upside in volatile markets. Learn why TSLY ETF is favored for uncertain Tesla outlooks.",SeekingAlpha,https://finnhub.io/api/news?id=6b4e2421553cf309f9e8f627a5535ef83ffd23c1ef9af41c73f8c76436ec8ff6,company
2025-09-28,1759044686,"Consumer Tech News (Sep. 22 – Sep. 26): US GDP Rebound, Shutdown Threat, AI Push by Big Tech, and Corporate Earnings Beats","The U.S. economy grew at a 3.8% annual rate in the second quarter, its fastest pace since the third quarter of 2023 and above the long-term trend.",Benzinga,https://finnhub.io/api/news?id=03c5d96614be287f8f0a611f7e3ec0260ca424a998eb62658b2fc1cb84f0b850,company
2025-09-27,1759011240,1 Electric Vehicle Stock to Buy Hand Over Fist and 2 to Avoid Like the Plague,"Rivian, Tesla, and Lucid all have exciting potential.",Yahoo,https://finnhub.io/api/news?id=e1eeff044fdae66405493311bb530aa16aa20ebe950315e2b3f9139737ddde0e,company
2025-09-27,1758995580,How Canada's EV Mandate Could Put Dollars in Tesla's Pocket,"Despite tensions between the two, Canada might need a helping hand from Tesla, and could pay dearly for it.",Yahoo,https://finnhub.io/api/news?id=3d38d56c9a195e8523beac5f831a8a63a95fed70b7827b72381b15816d199ebd,company
2025-09-27,1758988800,"Did Samsung Just Say ""Checkmate"" to Taiwan Semiconductor?",Samsung just won a $16.5 billion deal with Tesla to produce its next-generation chips.,Yahoo,https://finnhub.io/api/news?id=737316e9ac1e08206afcbefff38a6f9223074d93080c526a8730b9a064a185fa,company
2025-09-27,1758957660,Tesla's Annual Deliveries Could Soar Past 2 Million Next Year,A new wave of product and capacity catalysts sets up the electric vehicle leader for a volume rebound in 2026.,Yahoo,https://finnhub.io/api/news?id=96790da63726324ab36974a597c433433d609e69579829b8143430a7494421b7,company
2025-09-26,1758955554,Famed roboticist says humanoid robot bubble is doomed to burst,"Brooks, who co-founded iRobot and spent decades at MIT, is particularly skeptical of companies like Tesla and Figure trying to teach robots dexterity by showing them videos of humans doing tasks. In a new essay, he calls this approach ""pure fantasy thinking.""",Yahoo,https://finnhub.io/api/news?id=be2be7dc8c7c0704ff6147eda1cce6edcb1eb58fe94e0d76d45a654a5d9cb90c,company
2025-09-26,1758949121,Mizuho Lifts PT on Tesla (TSLA) to $450 From $375,"Tesla, Inc. (NASDAQ:TSLA) is one of the best stocks to invest in right now. On September 23, Mizuho raised the firm’s price target on Tesla, Inc. (NASDAQ:TSLA) to $450 from $375 while keeping an Outperform rating on the shares. The firm told investors in a research note that it raised estimates in the autos space, […]",Yahoo,https://finnhub.io/api/news?id=17888815763b6e6479248466044bf9a276a88c10ce81e2b858cc8030681a75fb,company
2025-09-26,1758940281,"Tesla's AI And Robotaxi Push Could Add $1 Trillion, Analyst Says","Tesla (NASDAQ: TSLA) and its CEO, Elon Musk, are entering a pivotal phase as artificial intelligence and robotaxis reshape the company's growth story. Analysts view Tesla as positioned to dominate the autonomous vehicle market, with the expansion of ...",Yahoo,https://finnhub.io/api/news?id=3cbfc70080b1fcd224290020daaebc2d1376dea552b45646eed2c52248111509,company
2025-09-26,1758936022,Xiaomi CEO Reveals Company Bought 3 Tesla Model Ys To Tear Apart: '...Disassembling The Parts One By One',Xiaomi Corp. (OTC: XIACF) (OTC: XIACY) CEO Lei Jun revealed on Thursday that the company bought three Tesla (NASDAQ: TSLA) Model Y cars for an in-depth study.,Benzinga,https://finnhub.io/api/news?id=638281e9b9dcbb07bd64061d1e12aaa375bd5adb0885a1cd1c90c1943bac75a5,company
2025-09-26,1758927602,3 Dividend Aristocrats Up 20%+ YTD With More Upside Ahead,"These 3 buy-rated Dividend Aristocrats are up 20%+ YTD, and offer reliable dividends with more growth potential ahead.",Yahoo,https://finnhub.io/api/news?id=e7551b6e3854918363a7d45981d8d8acf505b305b45a179dec89096ca9a838d4,company
2025-09-26,1758922090,"Stock Market Week Ahead: Tesla, Payrolls Data And A Peek At Q3 Earnings","The stock market heads for a positive September close, with Nike deliveries and monthly jobs data due.",Yahoo,https://finnhub.io/api/news?id=a4808c1594e79cdb1ef413afbd2c669ce5f01379e1c28eb15c95e05b76f6c845,company
2025-09-26,1758921048,EV sales surge ahead of Sept. 30 tax credit expiration,"Electric vehicle (EV) sales rose in August compared to the month prior, just ahead of the expiration of the EV tax credit on Sept. 30. CarGurus director of economic and market intelligence Kevin Roberts discusses the sales increase and the state of the EV industry. To watch more expert insights and analysis on the latest market action, check out more Asking for a Trend.",Yahoo,https://finnhub.io/api/news?id=7b74d8fa99d930d88182ff0a85492b5c11c335d3991354cf293ba88f661a7693,company
2025-09-26,1758920252,"Dow Jones Futures: Market Rallies Off Key Support, 5 Stocks Eye Buy Points; Tesla Deliveries Due","The major indexes bounced late in the week. Palantir, DoorDash are near buy points. Tesla deliveries and jobs data loom.",Yahoo,https://finnhub.io/api/news?id=d09161d54ba1ab2cfbfcb47cf11b05abbfae1bd5809ce9ca8bc2110a9bf531ed,company
2025-09-26,1758920045,"Wall Street Snaps 3-Day Drop as Traders Parse Fed Officials' Remarks, Spending Data",US equities rebounded Friday after a three-day drop as traders weighed remarks by two Federal Reserv,Yahoo,https://finnhub.io/api/news?id=38ce4a083129dc1fbcf52fa521ddb04d204219962c9de180e003c9b363321422,company
2025-09-26,1758918120,Tesla Stock Has a New Price Target—and It’s the Highest on Wall Street,"Friday, Wedbush analyst Dan Ives hiked his Tesla price target to a Street-high $600 from $500 a share, keeping his Buy rating on the stock.  The average Buy-rating ratio for stocks in the S&P 500 is about 55%.",Yahoo,https://finnhub.io/api/news?id=cecdb36de793adfe71ad9122e84be16267517f7de1494e2067722b8f00b09352,company
2025-09-26,1758916125,Sector Update: Consumer Stocks Rise Late Afternoon,"Consumer stocks advanced late Friday afternoon, with the Consumer Discretionary Select Sector SPDR F",Yahoo,https://finnhub.io/api/news?id=c747be053f36b42437dd05436f7dccfcbcda6e55b348f125c5596a01b7fe5c0f,company
2025-09-26,1758912959,Why Tesla (TSLA) Stock Is Trading Up Today,"Shares of electric vehicle pioneer Tesla (NASDAQ:TSLA) jumped 3.1% in the afternoon session after Wall Street analysts raised their price targets on the company, citing optimism over its artificial intelligence-driven initiatives, robotaxi rollout, and humanoid robotics business.",Yahoo,https://finnhub.io/api/news?id=dbc56d85dd851b29cd86a704079ed811d3fd0212c5e0a49feca6ee3d1f83479e,company
2025-09-26,1758910454,"Equities Rise Intraday as Markets Weigh Fed Officials' Comments, Macro Data",US benchmark equity indexes were higher intraday as traders assessed remarks by two Federal Reserve,Yahoo,https://finnhub.io/api/news?id=fcb8ccf2b9f9613400affc350ec776938718b5b786216121a9078ae06a7c48fc,company
2025-09-26,1758908387,"Tesla urges Trump administration to keep vehicle emissions rules, climate finding","WASHINGTON (Reuters) -Electric vehicle manufacturer Tesla urged the Trump administration not to repeal vehicle emissions standards or the long-standing U.S. finding that greenhouse gas emissions endanger human health.  Tesla said in comments posted on Thursday that the Environmental Protection Agency's proposal to repeal the standards ""would give a pass to engine and vehicle manufacturers for all measurement, control, and reporting of GHG emissions for any highway engine and vehicle.""",Yahoo,https://finnhub.io/api/news?id=9c65110094c9e153fd2038c552ddc2377d488f5e4ce1d8fab867f5aac25ab316,company
2025-09-26,1758905576,TSLA: Tesla Stock Rises as Wedbush Hikes Target To $600 On AI Growth,Wedbush Sees $3 Trillion Valuation For Tesla By 2026 On Robotics Push,Yahoo,https://finnhub.io/api/news?id=d23a879c2ae8a28626564212a6f148180f2773941461d992aa46b453fdf09810,company
2025-09-26,1758904717,Wall Street Analysts Are Catching Up to Tesla Stock's Climb With Deliveries Data Coming,"The EV maker's shares have been hot lately, adding nearly a third of their value this month alone through Friday's close. The Street's mean price target, however, is substantially lower, according to Visible Alpha data, recently hanging out around $340—a level the stock hasn't closed below since early this month.",Yahoo,https://finnhub.io/api/news?id=05549e8b3feeff6eea1e29cd775b142404436d1b48c52dd2b515206b70924c49,company
2025-09-26,1758904329,Tesla Target Raised by Deutsche Bank on AI Growth Potential,Analyst sees artificial intelligence initiatives as long-term driver,Yahoo,https://finnhub.io/api/news?id=8d1ab7e1689055df86cd14cd89fa590d63e8e1b7cb4313f5bac98f4e502898bd,company
2025-09-26,1758902896,Why This Tesla Stock Super Bull Sees 42% Upside As Tesla Optimism Continues,Why This Tesla Stock Super Bull Sees 42% Upside As Tesla Optimism Continues,DowJones,https://finnhub.io/api/news?id=081b2772bed30f810ef7ed5bab92c849ca04fdee31ae980b407629fe5a363347,company
2025-09-26,1758899794,"Foran Mining Upgraded to Outperform, Speculative, Following McIlvenna Bay Visit; Price Target Raised to C$4.50",BMO Capital Markers on Friday upgraded its rating on the shares of Foran Mining (FOM.TO) to outperfo,Yahoo,https://finnhub.io/api/news?id=a70f7f849c9e62bf7e0dfefcc1182545edbff57c19b3f962c9065d3625c6e598,company
2025-09-26,1758898844,"Update: Wedbush Raises Price Target on Tesla to $600 From $500, Maintains Outperform Rating",(Updated to include Wedbush commentary) Wedbush raises Tesla (TSLA) price target to $600 from $50,Yahoo,https://finnhub.io/api/news?id=95e9935967b8cda0e7f6dae32a9ef4b902f44d776bce92a942e82b41c74a34a2,company
2025-09-26,1758898486,"Big Tech ETF climbs, with gains led by Tesla as holdings trade mixed","Big Tech ETF climbs, with gains led by Tesla as holdings trade mixed",MarketWatch,https://finnhub.io/api/news?id=841ee7342dc50aeab0ae3ce7457cadcc4cc8ea0005270480212a57d83cc2cf36,company
2025-09-26,1758898291,"Tesla Could Reach $2 Trillion Valuation in Early 2026 on Accelerated AI Autonomous Path, Wedbush Says",Tesla (TSLA) could reach a $2 trillion market capitalization in early 2026 as it takes big steps in,Yahoo,https://finnhub.io/api/news?id=86c0178f260eff099ebaea62ba91a87d0f6e1853c75a7c97c079c5c191a9cd55,company
2025-09-26,1758898198,"Tesla Board Prints Billions In Pay As Musk Buys $1B, And I'm Shorting The Signal","Tesla's weak sales, eroding margins, and overvaluation signal risk amid tough market conditions. Click here to read why TSLA stock is a Strong Sell.",SeekingAlpha,https://finnhub.io/api/news?id=0e6c5acaad2fdd86e3b2c775ff1cb2672dbb5fe655ef7043e35e2424ca4912d9,company
2025-09-26,1758898041,"Tesla's Q3 Deliveries Seen 'Meaningfully Ahead' of Consensus Estimates, Deutsche Bank Says","Tesla's (TSLA) Q3 deliveries will likely be ""meaningfully ahead"" of Street estimates, backed by the",Yahoo,https://finnhub.io/api/news?id=b7094d25c985961923e9135196919802cfcb933f299ab7d1956ec16478c64f41,company
2025-09-26,1758897826,"Intel chips, Tesla price target, Boeing 737: Trending Tickers","Market Catalysts host Julie Hyman tracks several of the day's top trending stock tickers, including Intel (INTC) gains spurred by the Trump administration's consideration of a ""1-to-1"" chip policy, Wedbush's Dan Ives raising his price target on Tesla stock (TSLA) to $600 per share, and the Federal Aviation Administration (FAA) to slowly ease restrictions on Boeing (BA) 737 Max production. To watch more expert insights and analysis on the latest market action, check out more Market Catalysts.",Yahoo,https://finnhub.io/api/news?id=68b9ea480ed3d6a153b4b7e6326348edf1e35638314d4971dfa963d45864d259,company
2025-09-26,1758895200,Tesla Stock Now Has a $600 Price Target on Wall Street,"Friday, Wedbush analyst Dan Ives hiked his Tesla price target to a Street-high $600 from $500 a share, keeping his Buy rating on the stock.  The average Buy-rating ratio for stocks in the S&P 500 is about 55%.",Yahoo,https://finnhub.io/api/news?id=e4666cded8c9016a65c7a99d7b78e4d00c466f7ff1a9da88b2593a672792d4b1,company
2025-09-26,1758892676,"'Don't wait': EV buyers have one last weekend to get the $7,500 tax credit",Buyers in the US looking to take advantage of the federal EV tax credit have one last weekend to hunt for a good deal.,Yahoo,https://finnhub.io/api/news?id=de1a2637f5ac73c52cc2c3590f99b4ace5618c17df81eded635f7212bb8582e6,company
2025-09-26,1758892481,"Tesla Likely to Beat Third-Quarter Delivery Estimates Amid Stabilizing Global Demand, Wedbush Says",Tesla's (TSLA) third-quarter deliveries are likely to top market estimates amid stabilizing global d,Yahoo,https://finnhub.io/api/news?id=67a4f13625867d32f4b2665c2be8776a4967fb2e7b9a7dcc25d5fd3c40a6092b,company
2025-09-26,1758892012,"PCE Inflation Data In Line, Bolsters Fed Rate Cut Outlook (Live Coverage)","The Federal Reserve's primary inflation rate, the core PCE price index, came in right in line with modest expectations, helping to cement expectations for an Oct. 30 rate cut. S&P 500 futures climbed modestly after three straight down days, with Intel among the top early performers amid news that President Trump is threatening tariffs on chip imports for companies that don't meet demands for domestic production.",Yahoo,https://finnhub.io/api/news?id=2aab8497a35a4ade2664d669fd172bfb12a11456ba5bca338d3426cc79a4922a,company
2025-09-26,1758891219,"There’s No One Who Wants To Go Against Tesla, Inc. (TSLA), Says Jim Cramer","We recently published 14 Stocks Jim Cramer Discussed Including His 2 Top Quantum Computing Stocks. Tesla, Inc. (NASDAQ:TSLA) is one of the stocks Jim Cramer recently discussed. Like Tesla, Inc. (NASDAQ:TSLA) CEO Elon Musk, Jim Cramer also believes that the firm is more of a technology company than a car company. In this episode, he […]",Yahoo,https://finnhub.io/api/news?id=6ed78347ed7f803330451f1fca5103e8db70df9e9d7215bf63e6a2412c298570,company
2025-09-26,1758889800,Is NIO Emerging as a Better Investment Option Than TSLA Stock?,"NIO's surging deliveries, battery swap edge, and improving margins set it apart as Tesla grapples with sales declines and policy headwinds.",Yahoo,https://finnhub.io/api/news?id=4f40fa7989f8b31af318356cf87b898e1ae4b4300a6bffcc37aa980270d37ac8,company
2025-09-26,1758889471,Tesla Faces $51 Million Lawsuit Over Robot Injury as It Pushes Into AI,Worker says incident left him with lasting injuries,Yahoo,https://finnhub.io/api/news?id=bbabeb2b29985b6dcf253aa00b751f05d6a346b56566d184c987e430938f93d9,company
2025-09-26,1758888960,The Maximum Valuation For Tesla,The disconnect between Tesla's narrative and achievable fundamentals is too wide to justify the current share price. Click here to find out why TSLA is a Sell.,SeekingAlpha,https://finnhub.io/api/news?id=c63c6c020bb1eb1ee4e0508d6de8f2e58cd00761bf71760ece7e97c4b46bc13d,company
2025-09-26,1758888450,NIO And Li Auto Fall As Beijing Tightens Grip On EV Exports,Chinese electric vehicle (EV) stocks NIO (NYSE: NIO) and Li Auto (NASDAQ: LI) slipped Friday following news that Beijing plans to implement stricter regulations on EV exports.,Benzinga,https://finnhub.io/api/news?id=5c04fbc5426acd1481c306daac9dbf9b5daea668892304f5dda0f4950fe2b5ba,company
2025-09-26,1758886200,"Dan Ives, Tom Lee Bypass Wall Street With Social Media Megaphone","ETFs launched separately by veteran strategist Tom Lee and longtime tech bull Dan Ives have found success by betting big on the technology stocks benefiting from the AI boom, all while leveraging their founders’ personal brands to attract investors.  Lee, who broadcasts to more than half a million followers on X and is the co-founder of Fundstrat Global Advisors, has seen his Granny Shots US Large Cap ETF (ticker GRNY) pull in roughly $2.5 billion in less than 12 months.  Ives’s eponymous Wedbush AI Revolution ETF (IVES), meanwhile, has shot to around $750 million in assets since its June debut.",Yahoo,https://finnhub.io/api/news?id=4a93c7a88f1b3b882c7545c691550a99f8142d07161f341f2db85c56f2154771,company
2025-09-26,1758885554,Wedbush lifts Tesla target: March to an AI-driven valuation has now begun,"Investing.com -- Wedbush raised its price target for Tesla to $600 from $500 per share in a note on Friday, citing what it called an “accelerated AI path” that investors are underestimating.",Yahoo,https://finnhub.io/api/news?id=9ded86ecb91d967e9214d135267c52c473bc477422909e9df541a2d175086dd0,company
2025-09-26,1758885385,"Baidu's Apollo Go Targets Global Growth To Compete With Waymo, Tesla","Baidu (NASDAQ: BIDU) is pushing its Apollo Go robotaxi business into new markets, including Australia, as the service reaches operational profitability in several Chinese cities.",Benzinga,https://finnhub.io/api/news?id=d1b1708da629d26b067b383f03c22c8fa0120032ee39b1c9bba802f91693ffa5,company
2025-09-26,1758884754,"Consumers Splurge, Intel, GlobalFoundries, Lilly, Paccar, American Woodmark Benefit From New Tariffs","



To gain an edge, this is what you need to know today.",Benzinga,https://finnhub.io/api/news?id=67d58a15e2f2558869bf91b235565a06b6126513403ef95b86de1d8276811cef,company
2025-09-26,1758882900,"The Best Stocks to Invest $50,000 in Right Now","These companies are the top dogs in chips, physical AI, and software.",Yahoo,https://finnhub.io/api/news?id=71014a10877c88a970f9f99ce97d94cbe07b1d1b9b55a1e4c2dccd2f23b10770,company
2025-09-26,1758880800,"Most big cryptocurrencies climb on Ethereum, Cardano increases","Most big cryptocurrencies climb on Ethereum, Cardano increases",MarketWatch,https://finnhub.io/api/news?id=0b1f1314e21cbd080544de1f35173901d6416781d655201ba6c09c722e165e45,company
2025-09-26,1758877182,Solid Power: The EV Battery Stock That Could Either 10x Or Go To Zero,,SeekingAlpha,https://finnhub.io/api/news?id=a994da54ca6807b5635a1e6fdfe63dd9d93c2731feb0efbf101c54dd0ba00a43,company
2025-09-26,1758877008,Tesla’s UK sales plunge by £500m as drivers boycott Elon Musk,Tesla’s UK sales dropped by £500m last year as the electric car maker faced a backlash over boss Elon Musk’s politics.,Yahoo,https://finnhub.io/api/news?id=900126bfd5fe67bf7554868bd258f54c47d86f4e1ea325ff8775bc1e34691018,company
2025-09-26,1758875708,Tesla To Rally Around 3%? Here Are 10 Top Analyst Forecasts For Friday,"Top Wall Street analysts changed their outlook on these top names. For a complete view of all analyst rating changes, including upgrades and downgrades, please see our analyst ratings page.",Benzinga,https://finnhub.io/api/news?id=ac940f5349cb3d45f116cf528e8b03b0ef6070ab339e6d8480d2c882f23d0410,company
2025-09-26,1758874021,Trump's H-1B Bombshell: What It Means For America's Tech Supremacy,"Starting in 2026, President Donald Trump plans to crank up the H-1B visa cost to $100,000. This could dramatically reshape how companies approach foreign hiring.",Benzinga,https://finnhub.io/api/news?id=c60ecdb57a78e4b40ccc9b15d4c9cb91ef349e813e3d5a22e9156ef579a610cf,company
2025-09-26,1758872032,"Elon Musk's xAI Sues OpenAI Again, This Time Over Alleged Trade Secret Theft","The lawsuit alleges OpenAI orchestrated a ""coordinated campaign"" to steal xAI's source code and data center secrets.",Yahoo,https://finnhub.io/api/news?id=12454d0f686d3662ff6d5397ead6656ca176decc0d98d50b6a6268d8112913ae,company
2025-09-26,1758870300,Is Rivian Stock Your Ticket to Becoming a Millionaire?,"Rivian looks increasingly like it will be a successful EV start-up, but don't get overexcited by the Tesla similarities.",Yahoo,https://finnhub.io/api/news?id=f0d5ce976adc5c58d1cdc30a529a4d81437caf8d33b69a2f93332af27271a6ea,company
2025-09-26,1758870186,"China's Momenta considers shifting IPO to Hong Kong from New York, sources say","The potential change in Momenta's listing venue comes after the expiration in June of an approval by China's securities regulator to list in the U.S., which was granted mid-last year, according to the regulator's website.  Momenta is a leading Chinese supplier of advanced driving assisted system features, akin to Tesla's self-driving technology that can navigate urban traffic under human drivers' supervision.  The company recently informed some of its investors about its plan to potentially list in Hong Kong in 2026, two of the people said, adding the plan, which has not been reported previously, is at an early stage and is subject to changes.",Yahoo,https://finnhub.io/api/news?id=1f7a6a4d8a5ca7eb50578f9a8694d5f25fec931229f035b400406eb32340f19e,company
2025-09-25,1758869655,Li Auto Rolls Out $35K Electric SUV,"Li Auto (NASDAQ: LI) stock gained on Friday after it officially launched the Li i6, a five-seat battery electric sport utility vehic",Benzinga,https://finnhub.io/api/news?id=7711a3ef38ed36a1f76db6b1627bde9788bd0a414c55faf7ad3e630526e27e59,company
2025-09-25,1758868517,Tesla: A Better 3Q Deliveries Won't Likely Fix Stock's Front-Load Bubble,"Tesla nears record highs on bullish 3Q 2025 delivery outlook and Musk's stock buy, but weak fundamentals raise concerns. See more on TSLA stock here.",SeekingAlpha,https://finnhub.io/api/news?id=4bdc67c1e9c0da920c2b7f9023517b02bb81fd5c9ae91ce530fb73f9536cbfce,company
2025-09-25,1758862699,XPEV Surges Nearly 5% In Friday Premarket —Here's What's Driving It,"Xpeng Inc. (NYSE: XPEV) surged over 4.36% in Friday’s premarket and recorded a 5.4% spike in its Hong Kong-listed shares. It&#39;s currently trading at $22.90 in pre-market, according to Benzinga Pro data.",Benzinga,https://finnhub.io/api/news?id=fd6f707fecc1bf7cd98b4075afe645ff6a4fe5db33e9fa0f29e86811e81920a1,company
2025-09-25,1758856633,Xiaomi Debuts a $630 Answer to iPhone 17,"Xiaomi Corp.'s billionaire co-founder unveiled a $630 smartphone designed to take on the just-released iPhone 17, underscoring the Chinese company's broader ambitions to take on US rivals from Apple Inc. to Tesla Inc.",Yahoo,https://finnhub.io/api/news?id=f07f970e11be0f03b5c1e1239f3adf71646a4ee2725eb6f9b5354db135d842ce,company
2025-09-25,1758843060,Review & Preview: Too Much Good News,The latest economic data suggest the recent slowing—and the hope for more interest rate cuts—might have been a mirage.,Yahoo,https://finnhub.io/api/news?id=ced376d98c44a64244cddd6989bb4c28921bc79bd24c0acb06c868ad5851f7a0,company
2025-09-25,1758837602,Podcast: Stocks Fall for Third Day Despite Positive Economic Indicators,The S&P 500 and Nasdaq composite slipped Thursday after economic and corporate news offered conflicting signals. Plus: Intel approaches Apple for investment. And Tesla registrations slump in Europe. ?_Listen to the_ WSJ Minute Briefing podcast.,Yahoo,https://finnhub.io/api/news?id=183f9b68f38e08b2e81cf8f430191bd5d6e7b2233de905832e575a6c415d7741,company
2025-09-25,1758833070,"Stocks to Watch Recap: Tesla, Oracle, Intel, Costco","↘️ Tesla (TSLA): European Union registrations for the EV maker slumped in August, according to an industry body, extending Tesla's streak of disappointing monthly sales this year. Shares fell 4.4%. ↗️ Intel (INTC): Shares in the ailing chip maker rose 8.",Yahoo,https://finnhub.io/api/news?id=3132f80db0a0f60c4d9c024bc222d40b8e22f39c574691983b38ea1b298d2301,company
2025-09-25,1758832368,Why Tesla Stock Dropped Today,Tesla's European sales tanked in August.,Yahoo,https://finnhub.io/api/news?id=1683e58491c7317beed0e371ef9194f30f8afcc9139cb393c7d554c5b6814dd6,company
2025-09-25,1758831546,How to play options: Navigating a pullback from the rally,"As US stocks (^DJI, ^GSPC, ^IXIC) pull back from recent record highs, Simpler Trading vice president of options Danielle Shay joins Yahoo Finance to discuss her options strategy, including two specific names: Tesla (TSLA) and Roblox (RBLX). To watch more expert insights and analysis on the latest market action, check out more Market Domination.",Yahoo,https://finnhub.io/api/news?id=7174d517dbee8370368f8025d44ebbee66b9bb282f4f5e8d7f226420cc191135,company
2025-09-25,1758831157,"As Tesla Secures Key Cybercab Patent, Should You Buy, Sell, or Hold TSLA Stock Here?","Tesla has secured a key Cybercab patent, demonstrating progress in its robotaxi initiative. But buying TSLA shares at current levels remain a risky bet.",Yahoo,https://finnhub.io/api/news?id=8567ea0b79feb91fb880ef67d3e272052b575e458c56a186e84854131bc1464c,company
2025-09-25,1758830414,"Stock market today: Dow, S&P 500, Nasdaq slide for 3rd day as Wall Street slump continues",Fresh jobs data could reset interest-rate bets amid uncertainty about Federal Reserve unity on policy.,Yahoo,https://finnhub.io/api/news?id=390395a9c1131c126e28db20b835dd381b6c1713fe87effa63b519bd3f233310,company
2025-09-25,1758830083,"Intel upgrade, Tesla, Starbucks $1B overhaul: Trending Tickers","Market Domination host Josh Lipton and Yahoo Finance senior reporter Allie Canal track several of the day's top trending stock tickers, including the stock upgrade Intel (INTC) received by Seaport Research Partners as the chip foundry operator reportedly pursues an investment from Apple (AAPL), Tesla's (TSLA) sliding European sales, and Starbucks' (SBUX) $1 billion restructuring plan that includes store closures and job cuts. To watch more expert insights and analysis on the latest market action, check out more Market Domination.",Yahoo,https://finnhub.io/api/news?id=500beba7e2819b9842f02a88ff648867a243a47eaeb1245114283a5a048d75a8,company
2025-09-25,1758828282,Is This Stock the Next Trillion-Dollar Opportunity in AI and Energy?,Tesla is no longer just an electric vehicle stock.,Yahoo,https://finnhub.io/api/news?id=f187eafa2f93f8b12fd85a9adfa9b426fe7d131cae47dfa0a775e110ee7f8e63,company
2025-09-25,1758826555,Stock Market Today: Dow Slides; Contract Manufacturer Sells Off (Live Coverage),Stock Market Today: The Dow Jones index pares losses Thursday. Wall Street considers surprise GDP and jobless claims numbers. Oracle and Tesla sell off.,Yahoo,https://finnhub.io/api/news?id=6bedf034c73b7db85c265f834d0252a4f9ac1a7cac7d1684dccd9e5edea0817c,company
2025-09-25,1758826473,Tesla asks EPA not to roll back emissions rules as Trump calls climate change a ‘con job’,The company's regulatory policy team is trying to clean up a mess that CEO Elon Musk spent $300 million to help create.,Yahoo,https://finnhub.io/api/news?id=2d218ee94148f0332a617fa93b9c7386f09165e7289adde94192fc9f1557aa61,company
2025-09-25,1758824705,Trump to use Musk’s AI as bitter feud eases,Donald Trump has signalled an end to his bitter feud with Elon Musk by agreeing to use the Tesla billionaire’s artificial intelligence (AI) platform across the US government.,Yahoo,https://finnhub.io/api/news?id=ad0b258863bd68014259536a75db0ebd6d2183d98d9f547148e180ef9b5cf13c,company
2025-09-25,1758821186,"Tesla urges Trump not to repeal vehicle emissions rules, climate finding","Electric vehicle manufacturer Tesla urged the Trump administration not to repeal vehicle emissions standards or the long-standing U.S. finding that greenhouse gas emissions endanger human health. Tesla said the Environmental Protection Agency proposal ""would give a pass to engine and vehicle manufacturers for all measurement, control, and reporting of GHG emissions for any highway engine and vehicle."" Earlier this week, a group representing General Motors Toyota, Volkswagen and nearly all other automakers, asked the EPA to roll back its aggressive vehicle emissions limits that seek to force the industry to build a rising number of electric vehicles.",Yahoo,https://finnhub.io/api/news?id=cd145145b6123d9a8c6b6ef527b2a599236b470bcf6066df19b114c8f7b44260,company
2025-09-25,1758819126,Tesla stock drops after Europe sales collapse over 20% in August,The pain across the pond in Europe is growing for Tesla.,Yahoo,https://finnhub.io/api/news?id=e1b41f3dff6c6788f9349021c24113a7ebfac52ddfef7f59a555e687eb1b4e34,company
2025-09-25,1758819126,"Tesla stock drops after Europe sales collapse, down over 20% in August",The pain across the pond in Europe is growing for Tesla.,Yahoo,https://finnhub.io/api/news?id=75a09627465ecfbaa5cc2bae7bbba195621da0986625508862af17930d29c996,company
2025-09-25,1758818780,Stock Market Today: Indexes Fall For Third Day; IBM Leaps On Quantum Bets (Live Coverage),Stock Market Today: Indexes Fall For Third Day; IBM Leaps On Quantum Bets (Live Coverage),DowJones,https://finnhub.io/api/news?id=3ca0f3212c71ba59377025dfdb61b87264a1750041ca413914ca5c739f93abac,company
2025-09-25,1758818580,CEOs say quarterly earnings reports pressure them. But where is that coming from?,CEOs say quarterly earnings reports pressure them. But where is that coming from?,MarketWatch,https://finnhub.io/api/news?id=538b69f2e63545bd4ab48a0f4c9608f389f42f7a1b0a03076f1d8929531c6c3e,company
2025-09-25,1758818520,Tesla Stock Falls. Its European Sales Still Stink.,Tesla Stock Falls. Its European Sales Still Stink.,MarketWatch,https://finnhub.io/api/news?id=d5aa5e413e8eaf0ba250c43865b866cddeb9f294d71326e0b7331f46b7416025,company
2025-09-25,1758818443,Why Tesla (TSLA) Stock Is Trading Lower Today,"Shares of electric vehicle pioneer Tesla (NASDAQ:TSLA) fell 3.1% in the afternoon session after reports surfaced of another month of declining sales in Europe, where the company was outsold by a key competitor.",Yahoo,https://finnhub.io/api/news?id=31f101a83920f87cf9cf53b6aed75c5e20c29e0ae04cfcd5f9e918e7b11d507c,company
2025-09-25,1758817096,Stock Market Today: Indexes Off Lows; Oklo Thrashed As These Stocks Test Entries (Live Coverage),Stock Market Today: The Dow Jones index pares losses Thursday. Wall Street considers surprise GDP and jobless claims numbers. Oracle and Tesla sell off.,Yahoo,https://finnhub.io/api/news?id=15100e4f60edc35d2006f205cba51e62c0179c4bd40a975235fefc6094ed6835,company
2025-09-25,1758815295,Exclusive: Mark Cuban approves surprising new hedge against inflation,"Mark Cuban backs crypto treasuries as inflation hedge, calling them alternative assets.",Yahoo,https://finnhub.io/api/news?id=561f4e035ea907d6bd94b318f644c7ac5754a6cb39ef4b87db30620939fbd8ee,company
2025-09-25,1758814993,"Tesla sales, Opendoor investor, Accenture: Trending Tickers","Market Catalysts host Julie Hyman and Yahoo Finance senior reporter Allie Canal track several of the day's top trending stock tickers, including Tesla's (TSLA) sliding sales in Europe for August while BYD (BYDDY, 1211.HK) sales saw a boost, Jane Street revealing a $61 million stake in Opendoor Technologies (OPEN), and the impacts of federal spending cuts on Accenture (ACN). To watch more expert insights and analysis on the latest market action, check out more Market Catalysts.",Yahoo,https://finnhub.io/api/news?id=403146a9778618e033a2c2c0275e73e22b3a0bc740bbc7d721c41b4c9f7025d3,company
2025-09-25,1758812963,"Stocks to Watch Thursday: Tesla, Oracle, Intel, IBM","↘️ Tesla (TSLA): European Union registrations for the EV maker slumped in August, according to an industry body, extending Tesla's streak of disappointing monthly sales this year. Shares fell nearly 4%.",Yahoo,https://finnhub.io/api/news?id=d19054dc66caa62d039dd8a26379c7c623d28293e11a4136f1655f34a294af74,company
2025-09-25,1758812481,"Stock Market Today: Dow, Nasdaq Pare Early Losses; Oklo Stock Thrashed (Live Coverage)",Stock Market Today: The Dow Jones index fell Thursday after surprise GDP and jobless claims numbers. Oracle and Tesla sell off.,Yahoo,https://finnhub.io/api/news?id=f2a216f871e3d994510dbaaff273f6172ff35a37777a8ffac81965868954f0e6,company
2025-09-25,1758811156,Tesla Ready To Tackle South America? Job Postings Hint At This Country As Next Market,"Tesla Inc. (NASDAQ: TSLA) has struggled with electric vehicle demand in many markets in 2025, but could be experiencing a rebound to finish out the final tw",Benzinga,https://finnhub.io/api/news?id=71e17c320d0329e3a9ede78e5c8ab26946ca9b783972af78a01f95c8daa0ad24,company
2025-09-25,1758809819,Meme Stocks Have Grown Up — And They're Making Money For Investors,So-called Meme stocks — or buzz-worthy tickers investors like to talk up on social media — are making a comeback. But they look very different this time.,Yahoo,https://finnhub.io/api/news?id=ef9be29888948a9d8c3f839d077b6ef5f841160bfb6bc3141abd3f6d3f6c0d2b,company
2025-09-25,1758805680,"GraniteShares Announces Weekly Distributions for its YieldBOOST ETFs: COYY, TSYY, NVYY, XBTY, AMYY, TQQY, AZYY, YSPY, MTYY and PLYY","New York, Sept. 25, 2025 (GLOBE NEWSWIRE) -- GraniteShares today announced the weekly distributions for its GraniteShares YieldBOOST ETFs: COYY, TSYY, NVYY, XBTY, AMYY, TQQY, AZYY, YSPY, MTYY and PLYY as shown in the table below. ETF TickerETF NameDistribution FrequencyDistribution per ShareDistribution Rate1,330-Day SEC Yield2ROC4Ex-Date & Record Date5,6Payment Date7COYYGraniteShares YieldBOOST COIN ETFWeekly$0.50980149.02%0.55%0.00%26-Sep-202530-Sep-2025TSYYGraniteShares YieldBOOST TSLA ETFWee",Yahoo,https://finnhub.io/api/news?id=3915d5413dc983c890cb5f78036f650e270e457a93ae3b5b2d8e6ae80ddc2126,company
2025-09-25,1758805238,"Stocks making big moves yesterday: Acadia Healthcare, Tesla, THOR Industries, Natera, and P10",Check out the companies making headlines yesterday:,Yahoo,https://finnhub.io/api/news?id=692690e5cae2f5c9698d9336e9959e781edc7ae60ab9f2e85922dc17df34876a,company
2025-09-25,1758803520,Former factory worker sues Tesla after robotic arm knocks him unconscious,"The robotics technician alleged that Tesla implemented new safety protocols at its California facility following the incident, and is seeking $51 million as recompense from his employer and robot maker Fanuc.",Yahoo,https://finnhub.io/api/news?id=87ac68a162890e940f431a17ac6fc2bdede4d78bb059cb117861ab0e55e42606,company
2025-09-25,1758803280,Stock Market Today: U.S. stocks dip; Dollar Index rises after strong economic data reports,U.S. stocks look to snap two-day losing streak as quarter winds to a close,Yahoo,https://finnhub.io/api/news?id=eb8d7658906fd6ac48558939abf3508f9d9e5691b429620e37f78bbd5a9f64c1,company
2025-09-25,1758803202,"Opendoor, H&M, Tesla, Hertz: Trending stocks","Opendoor (OPEN) continues to surge following positive home sales data. H&M (HM-B.ST) beats analyst expectations thanks to its autumn collection, sending the stock higher in Stockholm. Tesla (TSLA) surpassed by BYD (BYDDY, 1211.HK) in Europe sales for the second consecutive time. Hertz (HTZ) sees big swings. Ramzan Karmali looks at the stocks you need to watch before the bell rings on Wall Street. For more live coverage of markets watch the full episode of Market Sunrise and head to Yahoo Finance.",Yahoo,https://finnhub.io/api/news?id=022e0b02b5f98d57cc3d4ccf684204e24e3cf52c383a2448b758890af795402d,company
2025-09-25,1758803073,"Live On CNBC, Bill Baruch Announces Trimmed Micron Position; Trimmed Tesla Position; Trimmed Cameco Position",,Benzinga,https://finnhub.io/api/news?id=17a33aa3645c3364dfc2fd9d62b3702630d7410c2d01f2a56c014e315a36fd07,company
2025-09-25,1758802554,"Trading Breakthrough With Quantum Computing, Strong Economic Data Upsets Momo Crowd","



To gain an edge, this is what you need to know today.",Benzinga,https://finnhub.io/api/news?id=5131a048ac93bc57bb5c8130654a52657a0f91e47acaddebc07bce51d0d29a8d,company
2025-09-25,1758802500,3 Robotics Stocks to Buy Right Now,The robotics market is forecast to hit $130 billion by 2035 -- and these three companies control the critical infrastructure.,Yahoo,https://finnhub.io/api/news?id=4bf819dfe17f720241000f807097703dfeae152b23f06a5527d188cccf543327,company
2025-09-25,1758801720,No love for Tesla from Europe as sales continue to struggle. The stock is dropping.,No love for Tesla from Europe as sales continue to struggle. The stock is dropping.,MarketWatch,https://finnhub.io/api/news?id=1be5751090963edf154663ca2c70ff98fd2254354693ddc585783392eac390fa,company
2025-09-25,1758801600,Are Artificial Intelligence (AI) Stocks in a Bubble? This $7 Trillion Clue May Reveal The Truth.,"Many artificial intelligence (AI) stocks are trading at lofty valuations, causing some investors to worry that a bubble is about to burst.",Yahoo,https://finnhub.io/api/news?id=470cbf28d61e8ef2b3ba73a991c3d2000e32b3b1ff72cf03e5172372a84adf22,company
2025-09-25,1758800246,This Week In Energy Transition - Malaysia's Renewable Energy Surge Spurs Economic Growth,"Recent developments in Malaysia's renewable energy sector highlight a significant shift towards sustainable energy solutions, driven by large-scale initiatives and collaboration among key players. Founder Group Limited, a prominent provider of engineering, procurement, construction, and commissioning (EPCC) solutions for solar photovoltaic systems, is proactively aligning itself with this burgeoning market. With an anticipated increase in EPCC contract value up to RM17.4 billion [USD4.1...",Yahoo,https://finnhub.io/api/news?id=b07efcd9877e869b37e20c14d8813ccba2e8258e1b35b538c07aa46a16591581,company
2025-09-25,1758799870,Tesla Secures Production Patent Set To Be Used For Cybercab: Report,"Tesla Inc. (NASDAQ: TSLA) has secured a patent that will reportedly be used in the production of the Elon Musk-led EV giant's upcoming Cybercab. Tesla's Unboxed Process The patent — part of the automaker's unboxed process, which involves the company ...",Yahoo,https://finnhub.io/api/news?id=ffb5e064f4e12befca1ca3169aba176a3f9d3bbfb77b4da043470b3ca579aadc,company
2025-09-25,1758799099,"Stocks Mostly Down Pre-Bell Ahead of Key Economic Data, Fed Officials' Remarks",US equity markets were mostly pointing lower before the opening bell Thursday as traders await key e,Yahoo,https://finnhub.io/api/news?id=47eb8c18e99f248c6bedee4352a3625fb7d857c1936afa8bdf41667844fe8775,company
2025-09-25,1758798294,How Much Money Would Every American Get if Elon Musk Distributed All of His Tesla Shares Equally?,Elon Musk’s Tesla stake equals over $600 per American -- just enough to cover utility bills and grab dinner. Here's how the math breaks down.,Yahoo,https://finnhub.io/api/news?id=a259765cda591df1fbf2a6ed7cef8c8c1fef86a9e960326da39803c92d0a71c5,company
2025-09-25,1758797313,"Social Buzz: Wallstreetbets Stocks Mixed Premarket Thursday; Lithium Americas, Opendoor Technologies to Advance",The most-talked-about stocks in the Reddit subforum Wallstreetbets were mixed hours before Thursday',Yahoo,https://finnhub.io/api/news?id=67f99b059bbebea9f5a8b116432a47922fb6a32903e6507f1be690f129d878c3,company
2025-09-25,1758797174,Tesla Finally Gets Good News In Europe: Is The EV Giant Returning To Form?,"Electric vehicle giant Tesla Inc (NASDAQ: TSLA) could have some good news when it comes to past months of falling demand in regions in Europe. Here's the latest.What Happened: In 2025, the company faced weaker demand in European countries, which could ...",Yahoo,https://finnhub.io/api/news?id=45c16aa42590c36684a3326deec49ae3aeb3166d1ef23f3ae951fcccbbf32765,company
2025-09-25,1758796808,Tesla: A Turnaround Story Priced To Perfection,"Tesla faces declining EV sales, shrinking margins, increased competition, and fading regulatory credit revenue. See why I rate TSLA stock a Sell.",SeekingAlpha,https://finnhub.io/api/news?id=4bf083d49231a528fc01cbdf4d57abd1426344fa153ff13a8551300c8f084461,company
2025-09-25,1758795047,Big Tech leads selloff as rotation away from AI theme continues,Big Tech leads selloff as rotation away from AI theme continues,MarketWatch,https://finnhub.io/api/news?id=9ad570c6b261ca3b1f758909f139376cc0688402dd6878afc0f3a93af56903de,company
2025-09-25,1758794400,Avalanche leads way as large cryptocurrencies fall,Avalanche leads way as large cryptocurrencies fall,MarketWatch,https://finnhub.io/api/news?id=6e66ff7c3e4e443caafa83e7922c0015f6dd85328606f978d19c0d1feeff6316,company
2025-09-25,1758793773,BYD outsells Tesla in EU again as bloc ramps up EV sales,"STORY: Chinese EV maker BYD outsold Tesla in the EU for the second month in a row. Data showed BYD sold three times as many cars to the bloc in August than in the same month last year. Stellantis also had buoyant results, returning to sales growth in Europe for the first time in over a year.That’s as the overall market expanded with a boost from plug-in hybrid and battery-electric sales.Europe's battered car industry faces a number of challenges.This includes U.S. import tariffs and competition from China. As well as difficulties in meeting domestic regulations for EV adoption in a way that yields profit. Carmakers have ramped up PHEV sales to comply with emission standards, with more affordable and more profitable cars than pure EVs. Chinese brands have also used the technology to minimize the impact of EU tariffs on Chinese-made EVs.As well as to win over China-skeptic European drivers.And with BYD’s sales up over 200% in August, it took 1.3% of the market.Whereas EU sales for Elon Musk's Tesla dropped 36.6%, squeezing its market share to 1.2% from 2% a year ago.And as total EU car sales rose last month, the registration of hybrid and electric vehicles rose to over 62% in the bloc.",Yahoo,https://finnhub.io/api/news?id=48f0813b052a2ed26c6e7df78e39be3a694362700c4b1e674d7a1c29af9f0708,company
2025-09-25,1758792600,BUZZ Investing: Stocks Move Higher On Fed Cut Hopes,"Institutional buying and AI momentum fueled BUZZ Index gains, with UnitedHealth and Nebius leading on strong earnings, contracts, and sentiment. Read more here.",SeekingAlpha,https://finnhub.io/api/news?id=54e5c27195620048460c28be02f171bf11d4401cbf30d50298162c471b33da00,company
2025-09-25,1758792454,Tesla: More Hype Than Fundamentals - Sell The Rally (Rating Downgrade),"Tesla's $1B insider buy sparked a $160B valuation surge despite weak deliveries, rising EV competition, and stretched valuations. Read why TSLA stock is a sell.",SeekingAlpha,https://finnhub.io/api/news?id=510e37822ceaac2860e8e3c8b12c147e2341cc0201ebb54eef66ed2a3e47c5ba,company
2025-09-25,1758791100,Tesla's Q3 Deliveries May Surprise to the Upside,Two timely catalysts could lift Tesla's quarterly deliveries above expectations.,Yahoo,https://finnhub.io/api/news?id=4853f302f53f408f18192f870ec8d9a4d20c13afec64bf879f4c173bdefd9020,company
2025-09-25,1758790228,"Trending tickers: Intel, Tesla, H&M, Babcock and DFS",The latest investor updates on stocks that are trending on Thursday.,Yahoo,https://finnhub.io/api/news?id=2363f2350cd98205de26d65def82fafaa90e165263819d036e00e3999f6f0c62,company
2025-09-24,1758783531,Wall Street Breakfast Podcast: Intel And Apple: A Deal In The Making?,Intel looks to Apple to bring shine back to chipmaker: report. Former secretary Rick Perry's data center REIT launches IPO roadshow. Passenger car sales rise in EU; BYD outshines Tesla.,SeekingAlpha,https://finnhub.io/api/news?id=53cf5a1bc961799127624f946f25d7d6d0a28d9e570203f78e8c6745996187c7,company
2025-09-24,1758770850,"BYD EU Sales Triple In August, Surpassing Tesla For Second Month As Chinese Carmakers Gain Market Share Despite Tariffs; Volkswagen, Renault And Stellantis Post Gains","-Reuters
",Benzinga,https://finnhub.io/api/news?id=ec1960a26c5b93057e7549967608bd66542e104e1edf7e5e28139d0b439088b7,company
2025-09-24,1758764304,$1B Crypto Plan Announced as Jiuzi Shares Spike to 55.5%,"Jiuzi shares briefly surged 55.5% after unveiling a $1B crypto plan, highlighting strategic diversification in a competitive NEV market.",Yahoo,https://finnhub.io/api/news?id=55fca2a245c92bced9e33d98b0445309f8db8dcc0374ccb89a87bac58e005f7f,company
2025-09-24,1758763352,"Top Stocks today: uniQure, Lithium Americas and Tesla soar",Here are the stocks that made the biggest moves today.,Yahoo,https://finnhub.io/api/news?id=aa6d9c5272b0c15c55a0bf639484e323913292e0e131411c0da1a13966e92203,company
2025-09-24,1758760860,China’s BYD Logged Sales Surge in Europe Last Month,China’s BYD Logged Sales Surge in Europe Last Month,DowJones,https://finnhub.io/api/news?id=eb586219836de2e907c66f5186333abac8bcad37ed31181ab38421197995e276,company
2025-09-24,1758754872,"'I Don't Have Hundreds Of Thousands Of Dollars,' Says Elon Musk's 21-Year-Old Daughter Who Lives With Roommates To Save On Rent","Vivian Wilson, daughter of Tesla Inc. (NASDAQ:TSLA) CEO Elon Musk, said she lives with three roommates in Los Angeles because it is ""cheaper"" and she often worries about money. ""People assume I have a lot of money. I don't have hundreds of thousands of dollars at my disposal,"" the 21-year-old told New York magazine recently. Despite being the oldest of Musk's 14 children, Wilson said she does not benefit financially from his fortune and is working to build her own path. Don't Miss: Kevin O'Leary",Yahoo,https://finnhub.io/api/news?id=c9e771616dd8d9bafe6fd22ee3366cc128cc226cddfebc5e1dd4a03c23886710,company
2025-09-24,1758750951,"Alibaba, Intel, Uniqure, Tesla And Opendoor: Why These 5 Stocks Are On Investors' Radars Today","U.S. stocks slipped on Wednesday, with the Nasdaq losing more than 75 points, or 0.3%, to close at 22,497.85.",Benzinga,https://finnhub.io/api/news?id=a3c4df548e9a2e4e277fd603e7ec8052d68311ab974358dad02b7cc6210208ad,company
2025-09-24,1758745980,Waymo Unveils Corporate Self-Driving Taxis. The Technology Is Spreading.,"Self-driving technology company Waymo announced a new autonomous driving service on Wednesday targeted at businesses.  “Waymo for Business” touts efficiency, allowing businesses signed up for the taxi platform to integrate it into their employee workflows such as travel apps and expense reporting.  The idea is for businesses to use the tool to offer rides to employees, building a recurring business travel operation that also gives employers control over where and how the offering is used.",Yahoo,https://finnhub.io/api/news?id=2f4a3d4c0bdd5eb6c7cabc95ddc8a9479799cb7f4031fb650a1d36a6adda1e27,company
2025-09-24,1758745020,U.S. Stocks End Lower As Tech Continues to Recede,"Chinese tech titan Alibaba upsized its pledge to spend on artificial intelligence and released a new model, helping send its U.S.-listed shares higher.  Other Chinese tech stocks that trade in New York also rose, including search-engine company Baidu and e-commerce giant PDD.  Alibaba’s pledge to spend more than $53 billion on AI and cloud infrastructure comes on the heels of big investment announcements from U.S. chip maker Nvidia, with Intel and OpenAI, and Oracle’s windfall cloud deal with OpenAI.",Yahoo,https://finnhub.io/api/news?id=fb45e8d5a9941e08998d2c1eaa46a7c32267b8e7408e9b6774f4d442deaf134c,company
2025-09-24,1758744063,"Stock market today: Dow, S&P 500, Nasdaq slip for 2nd day in a row as Fed sends mixed signals, Alibaba plans AI push",US stocks reversed gains after Wall Street ended a record-setting rally.,Yahoo,https://finnhub.io/api/news?id=8b8307b9d0619f9be1e26b13f994919c6b00d10de5a968e15eb2c7ee9b042ab5,company
2025-09-24,1758743205,"Tesla Robotaxis Could Be Coming Soon to Arizona. Should You Buy, Sell, or Hold TSLA Stock Here?","With Tesla’s robotaxis rolling into Arizona and autonomous ambitions heating up, could the stock be cruising toward a breakout, or is it a pit stop moment for investors?",Yahoo,https://finnhub.io/api/news?id=e57775d45162f60bedddca16d3a08861b059a4a4ec3800d94c7d279569bf0229,company
2025-09-24,1758741385,"Elon Musk's Tesla Rally Roasts Short Bets, Turns This ETF Into Loss Machine","Tesla&#39;s 29% September surge has crushed the T-Rex 2x Inverse Tesla ETF (TSLZ), which tumbled 40%. A cautionary tale for traders betting against Elon Musk.",Benzinga,https://finnhub.io/api/news?id=8475a761014029b520b964021f9c2cf39bd743384ef8bc599637ec9a1f47e6fb,company
2025-09-24,1758738491,Tesla Stock Just Hit a New 2025 High. Should You Buy the Run-Up in TSLA or Stay Far Away?,"Tesla stock has rebounded to fresh 2025 highs, but stretched valuations and mixed earnings trends make its outlook complex.",Yahoo,https://finnhub.io/api/news?id=bd1a5fd2ed70866a98de498518fc17ac7cb5de12cf0a34eb22a9af616fa9c025,company
2025-09-24,1758736948,3 Reasons Tesla Could Be Worth $600 Per Share By The End Of 2027 (Upgrade),"Upgrade your Tesla, Inc. insight: Discover why improved margins, Musk's new pay package, and Robotaxi progress make TSLA stock a Strong Buy. Click for our update.",SeekingAlpha,https://finnhub.io/api/news?id=cc4311ebb589ed42be5106ef1c104890703dc99a362e6c1aa274d9589743f638,company
2025-09-24,1758735647,Why Is Tesla (TSLA) Stock Rising Today?,Tesla Stock Rises As Musk Defends $1 Trillion Pay Plan,Yahoo,https://finnhub.io/api/news?id=6cb356067a19a63c15bfec9e3960e3c377c667ee60d8bf609298d06bd53a643a,company
2025-09-24,1758729980,A New Way To Bet On Costco: Leverage Shares Unveils 2X ETF,"The world of leveraged ETFs is welcoming a new consumer behemoth. Leverage Shares by Themes introduced the Leverage Shares 2X Long COST Daily ETF (NASDAQ:COTG), providing investors with double daily exposure to Costco Wholesale Corp. (NASDAQ:COST) shares, as the warehouse club continues to scoop up U.S. consumer spending. The fund was listed on Sept. 18. Check out COST stock here. Leveraged single-stock ETFs have generally focused on technology giants such as Tesla, Nvidia or Amazon. By includin",Yahoo,https://finnhub.io/api/news?id=ad393591a442a8f225de27000c5d494e88c8f8b145ff8624519ffc48b7aa2aae,company
2025-09-24,1758729976,"Alibaba jumps on AI spending, Tesla, Marvell share buybacks","Yahoo Finance host Julie Hyman tracks today's top moving stocks and biggest market stories in this Market Minute, including Alibaba's (BABA) stock gains after announcing a partnership with Nvidia (NVDA) raising its AI spending to over $50 billion, Mizuho analysts raising its price target on Tesla (TSLA), and Marvell Technology's (MRVL) $5 billion share buyback program. Stay up to date on the latest market action, minute-by-minute, with Yahoo Finance's Market Minute.",Yahoo,https://finnhub.io/api/news?id=d09298c29a64c48f7365b928d267adc3bdabeec0d4131aa71d89537852d42393,company
2025-09-24,1758728745,The Only 5 ETFs To Trade In Q4 – And How To Do It,"The last leg of September is here, and a new pattern is emerging that could lead to one of the most explosive quarters we&#39;ve ever seen.",Benzinga,https://finnhub.io/api/news?id=611d4d178fcfcf2c0ae029d9ee692a949460f7ecbf8b5d46df829453861df8bb,company
2025-09-24,1758724591,European buyers now prefer Chinese cars over American autos: Study,"President Trump's trade war is doing reputational damage to the US in surprising ways, at least when it comes to the auto sector.",Yahoo,https://finnhub.io/api/news?id=3a881718bef37765b2448a78f3ee4501ae60532c6aaf0c3b368e724f3e0db42c,company
2025-09-24,1758724564,Top Funds Launch This Next-Gen Mobility Stock Into Orbit. Here's What's Fueling Demand.,"As Palantir and Amazon target buy zones, strong demand from top funds have Jabil stock testing a breakout with earnings due.",Yahoo,https://finnhub.io/api/news?id=03c1e13d15418557f58fcf5f8b1280a494b7574a58940b1f3cff8b11d5edf6bd,company
2025-09-24,1758724493,5 Things To Consider As Government Shutdown Risks Loom,"A potential U.S. government shutdown poses risks to sectors reliant on federal spending, notably defense and aerospace. Click here for more on Market Outlook.",SeekingAlpha,https://finnhub.io/api/news?id=0abb3f52be602f2ac7cc54127f823db1f1bb7a457b9eb28fa81db8149a2075a0,company
2025-09-24,1758718803,"Tesla, Inc. (TSLA) is Attracting Investor Attention: Here is What You Should Know","Zacks.com users have recently been watching Tesla (TSLA) quite a bit. Thus, it is worth knowing the facts that could determine the stock's prospects.",Yahoo,https://finnhub.io/api/news?id=b666a40f82f7ffb4137d826b16ceb78fbf596e1ee127d65da02a3d6691291a68,company
2025-09-24,1758718565,Here’s What It Costs To Charge a Tesla Monthly vs. Using Gas for a Chevy Silverado,See how Tesla charging costs stack up against gas for a Chevy Silverado—and what it means for your wallet in today’s energy market.,Yahoo,https://finnhub.io/api/news?id=9660c4fc82c71b8c2084fdab7ac53a0a7ee07a929400bc8c3a87556a2ce809c5,company
2025-09-24,1758717956,"Cantor Fitzgerald Maintains Tesla (TSLA) Buy Rating, Highlights Musk’s Long-Term Incentives","Tesla, Inc. (NASDAQ:TSLA) ranks among the hot stocks to invest in right now. On September 8, Cantor Fitzgerald reaffirmed its Overweight rating and price target of $355 for Tesla, Inc. (NASDAQ:TSLA). The firm offered feedback on Tesla’s board’s proposal for a new 10-year compensation plan for CEO Elon Musk, which could reach $1 trillion if […]",Yahoo,https://finnhub.io/api/news?id=30797bd711db4e9e6a523c83a9ae4f081827526aee96f14a1d222137dc33dd96,company
2025-09-24,1758717445,Latest News In Electric Vehicles - Battery Testing Market Poised for Significant Global Expansion,"The global electric vehicle (EV) battery testing market is on track for significant expansion, with projections indicating growth from $4 billion in 2025 to $9.4 billion by 2030. This anticipated surge is driven by the rising adoption of EVs, heightened focus on battery performance, and the implementation of rigorous regulations and standards worldwide, particularly in key regions such as the U.S., China, and Europe. As the global market transitions towards sustainable mobility solutions,...",Yahoo,https://finnhub.io/api/news?id=82dd437b02ebd55632b7fff3143d27366e068c92389b1c2ac58a4f0d6b3ba17a,company
2025-09-24,1758715091,Is Samsung Still a Bargain After Tesla’s AI Chip Order Boosts Its Stock in 2025?,"If you have been watching Samsung Electronics lately and wondering whether now is the right time to invest, you are absolutely not alone. The stock has been on a tear, leaving many investors excited but also a little wary of what comes next. Just this past week, Samsung shares jumped 9.0%, capping off a remarkable 19.2% gain in the last month. Year-to-date, the returns have been stunning, up 59.6%. In fact, looking back over the last three years, shares have climbed more than 70%. That kind...",Yahoo,https://finnhub.io/api/news?id=b78e2202b28102ae465accb30ce863d1e5f9ef3bb58c268c0c97fcc4a347e899,company
2025-09-24,1758713938,Q3 is poised to be a strong quarter for Tesla: Wolfe,"Investing.com -- Tesla is set to post robust third-quarter results, according to Wolfe Research, which said deliveries are likely to beat expectations.",Yahoo,https://finnhub.io/api/news?id=779090bdc45857c4ab3cbbd95604d615e4a27604a4e228a57dc817803d715127,company
2025-09-24,1758713880,Tesla Stock Is Rising. Elon Musk Speaks Out on $1 Trillion Pay Package.,Investors are constantly monitoring a range of factors when it comes to Tesla stock—one key area is CEO Elon Musk's compensation.,Yahoo,https://finnhub.io/api/news?id=7a15055b7271779db0e267a12a808029b07f031aa0912c6b5b59ade0a46da2f2,company
2025-09-24,1758713099,Powell Said Stocks 'Highly Valued' – Remember After 'Irrational Exuberance' Stock Bubble Inflated More Before Crash,"



To gain an edge, this is what you need to know today.",Benzinga,https://finnhub.io/api/news?id=6957c831ee28f8bd351735adc5e995b5aebb33e1af930dfb9d151c75999e8b30,company
2025-09-24,1758713040,Should You Buy Tesla Stock While It's Below $627?,One prominent Wall Street analyst thinks Tesla will reach a $2 trillion market cap by 2026.,Yahoo,https://finnhub.io/api/news?id=0d35843840e2178316a06f1b1d8c2467223571d4542432af2c4711655a54a5cc,company
2025-09-24,1758712980,Will AI and Robotaxi Expansion Shift Tesla's (TSLA) Investment Narrative?,"In recent weeks, Tesla announced several new shareholder proposals and received analyst attention highlighting its leadership in artificial intelligence and robotics, along with the launch of its first robotaxi service in Austin and expansion efforts in autonomous ride-hailing and energy storage. Elon Musk’s substantial personal investment in Tesla shares and the company’s strategic focus on high-margin recurring software revenues through AI-driven products and services are drawing renewed...",Yahoo,https://finnhub.io/api/news?id=6f425fb2112e02add2fc2af63c011f9ff640ea5203dd39791143b6f39039eefd,company
2025-09-24,1758708000,Dogecoin leads way as most big cryptocurrencies post advances,Dogecoin leads way as most big cryptocurrencies post advances,MarketWatch,https://finnhub.io/api/news?id=75cd4c3558d0448a0b94e9f42c6abcc9c6244233851452a0f626ec108b6a6cc4,company
2025-09-24,1758702142,Jim Cramer Sees AI Spending 'Revulsion' Clash With 'Desperate' Demand As Top Analyst Warns AI Investments Mirror Dotcom Bubble On 'Steroids',Jim Cramer sees a clash in AI spending as GQG Partners warns the boom is a &#39;dotcom bubble on steroids&#39; with dangerous overvaluations.,Benzinga,https://finnhub.io/api/news?id=6d4b5efde83aff248108d4352f907b6dd6a1d0ce010fa56b1316392cdece6787,company
2025-09-24,1758699000,Pony AI: The Secret Sauce To AV,"Pony AI's competitive edge lies in its low-cost AV kit, strategic OEM partnerships, and ride-hail alliances. Read more on why PONY stock is upgraded to Buy.",SeekingAlpha,https://finnhub.io/api/news?id=9cd79be6a9a59c34cfc6c44ce869f66101fd951ecf3d06102bea70e35790823c,company
2025-09-23,1758687490,"Tesla China Deliveries To Jump 27% In September To 72K, While BYD To Deliver 380K Amid Target Cut, Predicts Deutsche Bank","Deutsche Bank analysts predict growth for multiple automakers in Chinese market for September, with Tesla expected to deliver 72K units.",Benzinga,https://finnhub.io/api/news?id=138c6d683410ffaeab3d08e0e46cde188e8645167b0916ac2d96a20f4f8550df,company
2025-09-23,1758668634,"Stock market today: Nasdaq, Dow, S&P 500 waver with divided Fed, Alibaba in focus",US stocks wavered after Wall Street ended a record-setting rally.,Yahoo,https://finnhub.io/api/news?id=6d7240893ba15490c06e84633f843f809165eca83cdb2fac05e03cf41cf1b5cc,company
2025-09-23,1758659326,Oracle's Larry Ellison is worth more than Bank of America after doubling his wealth this year to nearly $400 billion,"Oracle cofounder Larry Ellison has grown almost $200 billion richer this year, and is now worth more than one of the world's biggest banks.",Yahoo,https://finnhub.io/api/news?id=af22d152ae69cd8f2e17793d3b83cf57d28ba4d609151a49f834e0c86615eb28,company
2025-09-23,1758658656,Oracle founder Larry Ellison has pledged to give away 95% of his $393B fortune—but sudden leadership changes fuel a mystery,Ellison has a history of changing his plans for distributing wealth.,Yahoo,https://finnhub.io/api/news?id=179d689265f9805a25c8b9f3fa63c6e3ec42acaa97551eafbc2fe5a0d0d02fc9,company
2025-09-23,1758658544,Tesla Stock Has Soared 27% This Month. Here's Why This Analyst Sees Shares Hitting Record Highs,"Tesla stock advanced nearly 8% last week and received a price target hike on Sunday, representing further 17% upside.",Yahoo,https://finnhub.io/api/news?id=c405c018c73d921deda28469e1d695a49f42334855e8d983528ab08420d6000b,company
2025-09-23,1758658104,"Energy Storage Is Evolving, Says Straubel","Tesla Inc. co-founder JB Straubel talks about the role of batteries in energy storage. ""I don't think batteries are at odds with natural gas generation,"" Straubel, who now runs battery recycling company Redwood Materials Inc., said Thursday at BloombergNEF's Barrel of Tomorrow in the Age of AI summit in Houston.",Yahoo,https://finnhub.io/api/news?id=b75792b5d47db01ec3dfe39cbaae6dd8d3e3f18407a7df1673d3f51cbd74508e,company
2025-09-23,1758653220,"Former Amazon, Tesla Leader Joins The Nuclear Company as Chief Legal Officer","WASHINGTON, September 23, 2025--The Nuclear Company, which is leading gigawatt-scale deployment of nuclear power across America and pioneering the modernization of nuclear construction, today announced the hiring of Robert Harmon as Chief Legal Officer. Harmon brings nearly 20 years of legal experience, including more than a decade at Amazon and Tesla that included overseeing the opening of Tesla’s global headquarters.",Yahoo,https://finnhub.io/api/news?id=60f270dbd35645b17b0b8e9e9f38393b4ca4858db21b8bc4851f530cb3e7a27a,company
2025-09-23,1758652004,How to Build the Ultimate Trading Dashboard with Grid Charts,"Track and compare stocks and ETFs across multiple time frames, stack indicators, and more with Grid Charts.",Yahoo,https://finnhub.io/api/news?id=393b462102510270b54ca13c0b32cdb311ec2cdf264b9121126401ad863e5f09,company
2025-09-23,1758651181,"Cathie Wood says the AI race has already shrunk to the ‘Big 4’ key players, and it could soon drop to 2",Wood said the AI space is increasingly consolidating.,Yahoo,https://finnhub.io/api/news?id=8f9d069d5aa215057023c9a0710507fa0ca673a2b036d47c05c2078fafccf22a,company
2025-09-23,1758647808,Tesla: Insider Purchases And Wright's Law Call For Rating Upgrade,,SeekingAlpha,https://finnhub.io/api/news?id=7250786f284e47c51ba76ed907f7dd474d847a9736b4685889ecd240ba65c1a4,company
2025-09-23,1758646545,Telo raises $20 million to build tiny electric trucks for cities,"The round was co-led by designer Yves Béhar and Tesla co-founder Marc Tarpenning, who helped get Telo off the ground in 2022.",Yahoo,https://finnhub.io/api/news?id=43dfbd9904a23091704d9d3311fe4474a63a777497f893717ddcfce1e2dfb07a,company
2025-12-31,1767204381,"Cathie Wood's Biotech Trend: Twist, Beam, CRISPR Latest Stock Picks",The massive rotation currently unfolding within ARK Invest suggests that Cathie Wood thinks 2026 will be the year of the genomic revolution. ,Benzinga,https://finnhub.io/api/news?id=8cb5324ba665681a8b5d2d44862926931549ae9c372a868526526446850908e1,company
2025-12-31,1767202723,"From Spike In SPY, QQQ Call Volume To Musk's Short-Seller Showdown: 2025's Most-Read Benzinga Stories","As we wrap up 2025, let’s take a look back at some of the most intriguing stories that caught readers’ attention on Benzinga during the year. From forgotten fortunes to billion-dollar bets, these tales offer a glimpse into the world of investing, business strategies, and the unpredictable nature of the stock market.",Benzinga,https://finnhub.io/api/news?id=899e56909d5be5e39d376d5061e8843078a0b32b418ac653ceb4caec74311edc,company
2025-12-31,1767202027,Tesla: Challenging 2026 Ahead,"Tesla, Inc. rated Strong Sell: weakening demand, rising competition, and autonomy delays. Click for this updated look at TSLA stock prospects.",SeekingAlpha,https://finnhub.io/api/news?id=6fca9458cab80a84625f9a3290559aeabaf3a85716e4e3d81b29658cb3172efc,company
2025-12-31,1767200772,"Winners, Losers, Wild Opinions: Benzinga Chat, Show Co-Host Look At 2025, 2026","2025 was a rollercoaster for Benzinga chat room participants, with mixed opinions on various stocks; 2026 may see escalation of China/Taiwan issue.",Benzinga,https://finnhub.io/api/news?id=c53ad1b63ecbb88122bf6901a55e17f9cc8164b581137f3b522c21b7a00cb6e6,company
2025-12-31,1767199500,Top Midday Stories: Nvidia Approaches TSMC in Quest to Boost H200 Chip Production; Corcept Faces Setback From FDA on Hypertension Drug,All three major US stock indexes were down in late-morning trading Wednesday as the year winds to a,Yahoo,https://finnhub.io/api/news?id=7cb466e7123a0b19953ae704212344b1db49fcea12de29a1cc1169775cda0965,company
2025-12-31,1767197520,"These Stocks Are Moving the Most Today: Nvidia, Tesla, Hecla, Newmont, Nike, Vanda, Corcept, DJT, and More","Nvidia shares rise on reports of strong interest from Chinese customers in the chip maker’s hardware, while Newmont and Hecla Mining decline as precious metals prices tumble.",Yahoo,https://finnhub.io/api/news?id=dc307ab9f9ca73d6c8e8ca32ddd21ddcaff751e9487d9e07dfb0efd47a3cb5ac,company
2025-12-31,1767196500,Elon Musk’s xAI Will Expand Its Huge Data Center. 3 Stocks Set to Benefit.,Elon Musk’s xAI has purchased a third building to expand its massive data center complex near Memphis.,Yahoo,https://finnhub.io/api/news?id=0344f45210c57af8a7f7ac671c41a8a966301cfc763ba65e0fe407b53a28f10b,company
2025-12-31,1767196315,World's 500 Richest Reach $11.9 Trillion After Record $2.2 Trillion Gain,"Global billionaire wealth hit $11.9 trillion as gains in equities, AI-linked stocks, metals and crypto drove a historic year.",Yahoo,https://finnhub.io/api/news?id=bf1ee40270a0ea57b606a3d80ee9f2300ea548836284b766ebb704c4eecfad7a,company
2025-12-31,1767195017,BC-Most Active Stocks,"td class=""col-issue"">New Era Energy & Digital Inc.",Yahoo,https://finnhub.io/api/news?id=8c1d51471ade653e6f09633cd57a91450d58d4deff78d759347ff84e06fdf3d6,company
2025-12-31,1767194525,"Musk Says Tesla Model Y Is World's Bestselling Vehicle Again In 2025, But Grok Disagrees","Elon Musk calls the Model Y the bestselling vehicle for 2023, 2024 and 2025. Grok disagrees.",Benzinga,https://finnhub.io/api/news?id=e4b77b1b3158e097d4e61c810a6f61e1eaf3448a28ddf91c9060de6e504b7abc,company
2025-12-31,1767194459,Wall Street Lunch: Craft Beers Enter 2026 On Choppy Waters,"With libations already flowing around the globe to ring in the New Year, itâs a good time to ask what 2026 holds for craft beer.",SeekingAlpha,https://finnhub.io/api/news?id=0cb018d2a96d3b6bd7b5d7ccb1fda2341c61709bddf7d1be5acb99be76cf5aa0,company
2025-12-31,1767193828,Tesla Stock In Spotlight -- Michael Burry Says 'I am Not Short Tesla',Burry Dismisses Tesla Short Rumors as Delivery Concerns Mount,Yahoo,https://finnhub.io/api/news?id=98c33341142bb4c39e1c21a53bd4cbe2f9f2256cab793ee4c8e2a3718d7ad368,company
2025-12-31,1767192271,Elon Musk's Deadline Has Arrived. Will An Unsupervised Tesla Robotaxi Ring In The New Year?,Tesla has retreated below buy points as the market waits to see if Elon Musk will make good on his robotaxi promise.,Yahoo,https://finnhub.io/api/news?id=aad0313b8aa20555ef3318e24b7b3d14cbd072ed31a5d8aed6d6706554aa55d6,company
2025-12-31,1767191414,"Mark Zuckerberg Threw $77 Billion 'Into The Toilet' On Metaverse, Says Economist Dean Baker: Asks If He Is Set To Waste Billions More On AI","Economist Dean Baker criticized Meta Platforms Inc. (NASDAQ:META) CEO Mark Zuckerberg's massive bet on the Metaverse, arguing the roughly $77 billion spent on the project represents not just a corporate loss, but a broader economic failure that carries real social costs. Zuckerberg Threw $77 Billion In his newsletter on Monday titled “Did Mark Zuckerberg Throw $77 Billion of Our Money into the Toilet?” Baker said that while Meta's Metaverse ambitions could be viewed as “just a mistaken investmen",Yahoo,https://finnhub.io/api/news?id=35e434b19b44f488f4bc7b32b0da77dcbcb6b8ab301244a641e698a4fc4555ae,company
2025-12-31,1767190008,"DHL’s Tesla Semi Pilot ‘Exceeded Expectations,’ Paving Way for Expansion","DHL Supply Chain has rolled out its first Tesla Semi following a successful pilot, with plans to expand electric Class 8 truck operations beyond California in 2026.",Yahoo,https://finnhub.io/api/news?id=9084ab189c79503a4a4c946ba4574de00ef738ee529cba89ac5743fa69bdd888,company
2025-12-31,1767188564,China's EV Stimulus Puts Nio-Heavy ETFs Back In Focus,"Nio&#39;s upside story is gaining traction, and ETFs holding the EV maker could benefit as China&#39;s trade-in subsidies boost demand and sentiment.",Benzinga,https://finnhub.io/api/news?id=afabb7c1666b746c32334ab866d994672f1cbc7740ab667061c88df6efca1b18,company
2025-12-31,1767188119,10 Consumer Discretionary Stocks With Whale Alerts In Today's Session, ,Benzinga,https://finnhub.io/api/news?id=f55c60a24d6014429fc552f47ab09432b48a847b659c56d530b70199693d9527,company
2025-12-31,1767187140,Why Tesla Stock Dipped on Monday,There was discouraging news on the supply front for the EV maker.,Yahoo,https://finnhub.io/api/news?id=de64480c991ddb5c0c4dd117ccf618d746b9d54114201de76143eecebb4c78b1,company
2025-12-31,1767184629,Electric Vehicles Today - Revoltz Unveils Eco-Friendly Urban Delivery Vehicle Innovation,"Charging Robotics Inc.'s subsidiary, Revoltz Ltd., has made strides in the electric vehicle sector by successfully demonstrating its PORTO electric micro-mobility vehicle to Israeli government officials. The PORTO, a compact, three-wheeled electric cargo vehicle designed for last-mile logistics, has the potential to enhance urban delivery operations with its significant cargo capacity and full-day operational range on a single charge. The zero-emission vehicle is aimed to streamline urban...",Yahoo,https://finnhub.io/api/news?id=639b0fb5e7195c9be6b366489e989c76f4b80dbfb8e014bdf3ce070feb236c54,company
2025-12-31,1767183346,Stocks Decline Pre-Bell Ahead of Final Trading Session of 2025,The main US stock measures were trending lower in Wednesday's premarket activity as investors prepar,Yahoo,https://finnhub.io/api/news?id=a2af774b89afd2a0e70a79727d47500c60b77372c5648d3088731cff6a47ce6a,company
2025-12-31,1767182044,"Tesla Supplier L&F Restates $2.9 Billion Contract to $7,386","Tesla-linked Cybertruck order was revised down 99%, weighing on L&F shares and the founding family's net worth.",Yahoo,https://finnhub.io/api/news?id=5191c58094b9ef56576e7a24a930ce301103026a42d7606462c657a6a08b4163,company
2025-12-31,1767181962,Tesla Publishes Delivery Estimates Signaling Lower Sales Outlook,Company posts analyst averages showing fourth-quarter deliveries below Bloomberg consensus and points to a second straight annual decline.,Yahoo,https://finnhub.io/api/news?id=28028e6b6a10b50881b75e31a4ef874288c2d53148bc70042bb42ed569de58cd,company
2025-12-31,1767180610,Investors should reallocate Big Tech plays 'now.' Here's how.,"Steward Partners Global Advisory partner and managing director, Jason Bottenfield, joins Yahoo Finance Executive Editor Brian Sozzi to discuss how investors should be thinking about their investments in the artificial intelligence (AI) trade in 2026. To watch more expert insights and analysis on the latest market action, check out more Morning Brief.",Yahoo,https://finnhub.io/api/news?id=e1cfcf079542853c310406c89d4d9d5de3a5fdbf0bf42858d62ce29e0b35cfbe,company
2025-12-31,1767180441,Wedbush Names Apple a Top AI Pick for the 2026 Market Cycle,Apple's AI Bet Is Subtle. Some Analysts Think That's a Strength,Yahoo,https://finnhub.io/api/news?id=8702e181744541fbe146f0c5248f1054b5d911d869d52b5b87d3bf103dd073e6,company
2025-12-31,1767180354,Elon Musk's xAI Expands Compute Power With Third Data Center Purchase,Move boosts AI compute power to nearly 2 gigawatts as Musk scales Colossus supercomputer.,Yahoo,https://finnhub.io/api/news?id=9e4c3606ffc95d223d36a95ffbab36f2288db970b15f515acdf3d6b0dd305d92,company
2025-12-31,1767180020,A $2.2 Trillion Jump in Billionaire Net Worth,The 500 richest billionaires gained over $2 trillion in net value in 2025. Much of the gain came from Tesla CEO Elon Musk and a few other big tech billionaires.,Yahoo,https://finnhub.io/api/news?id=c85145f3d5d1376652799c3b3d293661b21ebbc9b75116155595ea8d75dd74f9,company
2025-12-31,1767178812,"Trump 2.0, stocks soar again, gold hits records, AI boom rolls on — Yahoo Finance's 2025 year in review",Stocks will end 2025 with gains once again. The path to getting there was anything but straightforward.,Yahoo,https://finnhub.io/api/news?id=43b66329e78aaefea480d8758f9385b8203d97d302ab84e119ceada31629beff,company
2025-12-31,1767177030,My Biggest Market Fear Heading Into 2026,,SeekingAlpha,https://finnhub.io/api/news?id=3bd034c2e6b92bc30794702262534faac20814d1cf323503935986d3588d91f8,company
2025-12-31,1767173270,The Club's top 10 things to watch in the stock market Wednesday,"It's the final trading session of 2025, and stocks are slumping.",CNBC,https://finnhub.io/api/news?id=edb70f28a8665709cc2a959461587e2038534dbb943b79de410531fcec077811,company
2025-12-31,1767168106,5 themes that defined business and markets in 2025: Morning Squawk,"From tariffs to AI to inflation, these were the trends that shaped Wall Street, Main Street and Silicon Valley in 2025.",CNBC,https://finnhub.io/api/news?id=e4d64c96b619bd1d7aedab1254adb5f6e9ae9f2d719af61367800159ff748982,company
2025-12-30,1767165285,"Beating Tesla In Europe, Chinese Automakers Take Record Share Of EV Market As BYD Sales Surge","Chinese automakers record EV market share in Europe with BYD, Stellantis-backed Leapmotor and Chery leading the charge.",Benzinga,https://finnhub.io/api/news?id=886ab4946f7db7f164947cb0ec78e882db65fdb9a83f597e882009ad5173cc45,company
2025-12-30,1767162887,Retail investors close out one of their best years ever. How they beat Wall Street at its own game,"Mom-and-pop investors bought the dip at key points, giving them outsized benefits from the market's run this year.",CNBC,https://finnhub.io/api/news?id=0ced18a03fb6cded1bbc6c1a5612798f77f94643d2918c2245e7765b5a73b6fa,company
2025-12-30,1767161148,Ford Opposed To Ted Cruz-Led Committee's Hearing On Auto Safety Next Month: Report (UPDATED),"Ford opposed to attending Senate hearing on vehicle safety features, citing subject matter, scheduling conflicts.",Benzinga,https://finnhub.io/api/news?id=2570e5ad300f6afd51a662a04ddcef6e36b4722e49e89fb9f5b6a5324423350f,company
2025-12-30,1767159818,'Big Short' investor Michael Burry says he's not shorting Tesla,"In a social media post on X, the Scion Asset Management founder responded to a user asking if he would bet against Tesla by saying: ""I am not short."" ",CNBC,https://finnhub.io/api/news?id=eed986b78b72dd26ac27d317e89f3c9c4203a99cf74a3c9061baf59519177a3c,company
2025-12-30,1767135418,"China to restrict silver exports, echoing rare earths playbook",The U.S. added silver to its nationally designated list of critical minerals in November.,CNBC,https://finnhub.io/api/news?id=7b02620945f0aeb437ef08005deff48b04f36f2a7ea4a5b9f931983210318588,company
2025-12-30,1767125357,Stock Market Today: Dow Has Muted Reaction After Fed Minutes; Some See Rates Holding Steady (Live Coverage),Stock Market Today: Investors showed little reaction to the Fed's December minutes. Small caps drag.,Yahoo,https://finnhub.io/api/news?id=15f2ac3309df87d87f4bfe8ae537160f285f1810d377b945bc4d96ae2841ea74,company
2025-12-30,1767124055,"Stock market today: Dow, S&P 500, Nasdaq waver as Fed minutes show division over December rate cut",Wall Street looked to regroup after a tech-led slide to begin the final stretch of 2025.,Yahoo,https://finnhub.io/api/news?id=708f2dbb0e229c0a047275692b46b7fbb5778bf7d058dd128b44f57cf848a387,company
2025-12-30,1767122278,Equity Markets Little Changed Intraday in Year's Penultimate Session,US benchmark equity indexes were largely unchanged intraday in the penultimate session of the year.,Yahoo,https://finnhub.io/api/news?id=4e2139d78a598a2197373e9b0e65133be67628e05b1af03299fde26b95a2b274,company
2025-12-30,1767120486,Sector Update: Consumer Stocks Decline in Afternoon Trading,"Consumer stocks were lower Tuesday afternoon, with the State Street Consumer Staples Select Sector S",Yahoo,https://finnhub.io/api/news?id=97ea1cb8e6ddd816d078ce6aef9517cd6767e9083caf1a683b4532088d37d3ca,company
2025-12-30,1767120389,"Financials, Consumer Discretionary Push US Equity Indexes Lower","US equity indexes were lower after midday Tuesday, with financials, consumer discretionary, and cons",Yahoo,https://finnhub.io/api/news?id=3b9fbd969f6651efe27be19754c268324a534d298d50d2451474fe7f5d9725f1,company
2025-12-30,1767118200,Google's AI Renaissance (Growth Story is Far from Over),"Alphabet remains one of the most strategically positioned companies in technology, combining dominant search economics, accelerating cloud momentum, and expanding AI-driven fundamentals.",Yahoo,https://finnhub.io/api/news?id=4195c4541c523d7b1d969010519a4396ff1564351973a9bc92ea4197cde312a9,company
2025-12-30,1767117494,Tesla Breaks With Tradition as It Braces Markets for a Weak Q4,"For the first time, Tesla has taken the unusual step of previewing its own delivery expectations ahead of its fourth-quarter results, a move that has raised eyebrows across Wall Street.",Yahoo,https://finnhub.io/api/news?id=d5930173227f37e76437763700b73aba22883ce64b8ba8bd5aed46ce990d4a3e,company
2025-12-30,1767116937,Tesla Provides Downbeat Vehicle Delivery Analyst Estimates,Tesla's (TSLA) fourth-quarter and full-year vehicle deliveries are expected to drop on an annual bas,Yahoo,https://finnhub.io/api/news?id=ea703e03f06cac6564e8335fc8127060617d3a09af847ae861e2e4870208183e,company
2025-12-30,1767115868,"Debt Is 'The Most Aggressively Marketed Product' In History, Says Dave Ramsey, After He Was Offered Klarna Payments For A T-Shirt","Financial expert Dave Ramsey responded to a listener’s question on an episode of “The Ramsey Show” about how someone could end up with 35 credit cards. His answer was straightforward: banks don’t care if you can afford it. They care if they can profit off of you. Credit Cards Are Marketed Harder Than Anything Else “That’s sweet that you’d think common sense would enter into this transaction,” Ramsey said to the listener named Cory. He explained that banks and credit card companies hand out credi",Yahoo,https://finnhub.io/api/news?id=c82ee7bf542e696ea559b865b29288e9dca48a9631495ca6a1c651c7c8e98e9d,company
2025-12-30,1767115253,US Equity Indexes Decline in Midday Trading,"US equity indexes fell in midday trading on Tuesday, with health, financial, and consumer staples am",Yahoo,https://finnhub.io/api/news?id=81e496e7cf274bbd8aff4288811e7052aedcd052b5de907550980ec5abb931d9,company
2025-12-30,1767114514,EXCLUSIVE: Benzinga Readers Picked This Magnificent 7 Stock To Be 2025's Winner — Were They Right?,Benzinga readers picked their top Magnificent Seven stock for 2025 back in November 2024. Were they right?,Benzinga,https://finnhub.io/api/news?id=e5c660fe00d8c44e4b6ae23eaa2ac41a36a2ddc7013a0c9c03b13619382cb977,company
2025-12-30,1767113889,TSLA: Baird Say Hold Tesla Stock In 2026 as Robotaxi Could Spark Big Gains,Baird Says Investors Should Hold Tesla Into the New Year Despite Volatility,Yahoo,https://finnhub.io/api/news?id=76d2269e0970cebb7a55c266669b2063cc3cd52ffee5187a7ed4dbc97717d9ce,company
2025-12-30,1767113330,"Stock Market Today: Dow Eases Before FOMC Minutes; Silver, Gold Names Look To Rebound (Live Coverage)",Stock Market Today: The Dow Jones index wavered Tuesday ahead of the Fed minutes. Palantir and Nvidia improve from morning lows.,Yahoo,https://finnhub.io/api/news?id=5e32133a5f33fd9dce8adcb89bcd0dd357821d60feca6e71b79e7a6bcad7430b,company
2025-12-30,1767112722,Tesla Stock Climbs Despite Gloomy Delivery Outlook,"Wall Street sees fewer fourth-quarter deliveries, but investors are focused on what comes next",Yahoo,https://finnhub.io/api/news?id=8d06ec6bbd85bfa63b6a6aa03afbab0868b512cbe54e087d0e0d9de93942557a,company
2025-12-30,1767112524,Top Midday Stories: Meta Acquires AI Startup Manus; Tesla Says Analysts Project Lower Q4 Deliveries,The big three stock indexes were mixed in late-morning trading Tuesday ahead of the upcoming New Yea,Yahoo,https://finnhub.io/api/news?id=a112b541e66ead24773db1a3d82e4b3e1698682fe5044279f72d733ad21c2f89,company
2025-12-30,1767112248,Tesla expected to deliver 15% fewer vehicles in Q4,"Tesla’s Q4 delivery outlook is down — and it's circulating the estimate, trying to nudge the headline from “slump” to “beat,” before the print arrives",Yahoo,https://finnhub.io/api/news?id=803a143779e669d4dabf4beace8e5544fd06073d1bbf8c8bb39ba3fb97dc6337,company
2025-12-30,1767109020,AI Shuffles the Ranks of Billionaires. Musk Remains the World’s Richest Person.,"Tesla  CEO Elon Musk remained solidly in first place of the billionaire horse race for the year, according to the Bloomberg Billionaires Index, fueled at year end with an approximate $800 billion valuation of SpaceX related to a potential secondary offering reported by The Wall Street Journal.  Musk owns about 40% of the space exploration company.  Tesla shareholders weren’t happy that Musk appeared to be taking his eye off the ball at the electric-car maker, and then there was the messy falling out with President Donald Trump.",Yahoo,https://finnhub.io/api/news?id=ebc04cf05a9d68a531f6b149806c5b406a92158ea0fd78444b1763d6c9c36244,company
2025-12-30,1767108664,Is Tesla Warning Investors About What’s to Come?,"The electric vehicle (EV) sector faces a significant sales slowdown heading into late 2025 and beyond. Automakers experienced a surge in demand during the third quarter as buyers accelerated purchases to qualify for the federal $7,500 tax credit before its expiration on Sept. 30. This pull-forward effect boosted EV sales temporarily, creating record quarterly volumes ... Is Tesla Warning Investors About What’s to Come?",Yahoo,https://finnhub.io/api/news?id=de977af4e027370ffb4166bb0fa9cfdd6bfe38ad5708a0cd8b2886088a18baed,company
2025-12-30,1767108487,ARKW: Fourth Quarter Retreat May Preview A Volatile 2026,"Discover if ARKW ETF suits your portfolio. Learn about its fees, tech and crypto focus.",SeekingAlpha,https://finnhub.io/api/news?id=eca4ec43baffcd2d68d50a3e01a616e620c3983adcd47203f2977413cb57bbb4,company
2025-12-30,1767108261,Tesla Broadcasts Downbeat Sales Estimates in Unusual Move,"While Tesla’s investor relations team has compiled sales estimates and shared averages selectively with analysts and investors for years, the company hasn’t published the figures in the past.  “This is highly unusual,” Gary Black, co-founder of Future Fund Advisors, wrote on X. “Obviously, someone at TSLA wanted the IR-derived consensus to be distributed as widely as possible,” he added, speculating that Tesla’s deliveries are likely to be in the range of 420,000 vehicles.  Tesla is on course for its second consecutive drop in annual vehicle sales, with the company compiling an average estimate for 1.6 million deliveries, down more than 8% from a year earlier.",Yahoo,https://finnhub.io/api/news?id=5b6d5f7e2930905ff0f43133fba1c8bbf74ca1a3fc7801f20812b07152e10bc8,company
2025-12-30,1767107655,Tesla previews a drop in its upcoming Q4 deliveries in unusual move,"In an unusual move, Tesla previewed its own fourth quarter deliveries release.",Yahoo,https://finnhub.io/api/news?id=9490d1c08f7022c7e515512b7096431cac3b8a4919c8699b7529501d822b3b40,company
2025-12-30,1767107053,Tesla Set for 2026 Catalysts as Baird Reaffirms Outperform Rating,"Analyst expects progress on robotaxi, Optimus, and energy growth to drive sentiment.",Yahoo,https://finnhub.io/api/news?id=9a18be004f43abecb2393f8ebdb9ca44a1d688f6209b5869b76dc97913928ea4,company
2025-12-30,1767106708,Exchanges Decline to List Tuttle Capital's GRFT ETF Despite SEC Effectiveness,"Tuttle Capital says NYSE, Nasdaq and Cboe passed on listing its Government Grift ETF, even after SEC registration became effective.",Yahoo,https://finnhub.io/api/news?id=aa5fae8bb978f6b6adef8fe99240c79388757602faf13270c7012f28f3de7493,company
2025-12-30,1767106233,"Tesla Deliveries Might Drop 15% This Quarter, Analysts Estimate","Tesla deliveries in the fourth quarter are expected to drop 15% from a year earlier, according to a compilation of estimates published by the automaker.  Analysts on average anticipate Tesla will deliver 422,850 cars between October and December.  The company is on pace to record a second consecutive decline in annual vehicle sales, according to the estimates published by Tesla.",Yahoo,https://finnhub.io/api/news?id=ebb05d342d4d41885f648e17271918fc44f603432f9765e9cf8ca59e1ceba5be,company
2025-12-30,1767106140,"These Stocks Are Moving the Most Today: Meta Platforms, Tesla, Newmont, Hecla Mining, Trump Media, and More","Meta Platforms rose 1.2% after the social-media company said it agreed to acquire artificial-intelligence start-up Manus, a Singapore-based company with Chinese founders.  Meta is closing the deal at a valuation of more than $2 billion, The Wall Street Journal reported, citing people familiar with the matter.  Tesla  fell 1% to $454.88.",Yahoo,https://finnhub.io/api/news?id=978bd36ceb58122109fe820639629e019985f1456bcd24e4cb75e38a857b6263,company
2025-12-30,1767106035,"Stock Market Today: Dow Wavers Ahead Of Fed Minutes; Palantir, Tesla Pull Back (Live Coverage)",Stock Market Today: The Dow Jones index waver Tuesday ahead of the Fed minutes. Palantir and Tesla pull back.,Yahoo,https://finnhub.io/api/news?id=4c47c6f56f925c74fa7e87ddcc9125e0fa9eeb3e032b3270f4100aa02f5c1198,company
2025-12-30,1767106020,Tesla Stock Is Falling. Gloomier Delivery Estimates Don’t Outweigh This Bullish Thesis.,"Tesla stock was rising despite the company saying analysts expect the company to deliver 422,850 vehicles in the fourth quarter, which would mark a 15% decline from 2024 levels.",Yahoo,https://finnhub.io/api/news?id=d0f807f3ce16ac1684ba035e4dcac1ab36c04ba31972fb61facc3327391ec5d3,company
2025-12-30,1767105407,"Stock market today: Dow, S&P 500, Nasdaq waver with Fed minutes on deck",Wall Street looked to regroup after a tech-led slide to begin the final stretch of 2025.,Yahoo,https://finnhub.io/api/news?id=ba4e682ed050e79ecfc2e14d81d9adffcbf171551ecae9de5980b6e64f4e8248,company
2025-12-30,1767105120,Tesla FSD Approaches 7B Miles With 2.5B on Urban Streets,"TSLA's FSD fleet nears 7B miles driven, with 2.5B on city streets, highlighting how massive real-world data is accelerating autonomous progress.",Yahoo,https://finnhub.io/api/news?id=ba53fe5093fcc229e8f892b30f78b01a2c26592f1e1babb03efcbbab11888bbb,company
2025-12-30,1767104904,"Tesla expects weak Q4 deliveries, Boeing's $8.6B contract with Israel","Yahoo Finance executive editor Brian Sozzi tracks several of the day's top trending stock tickers, including Tesla's (TSLA) expectations for weaker EV deliveries in the fourth quarter of 2025, mining company stocks gaining on the rebound in silver (SI=F), gold (GC=F), and copper prices (HG=F), and Boeing (BA) signing an $8.5 billion contract with the US Air Force to build fighter jets for the Israeli military. To watch more expert insights and analysis on the latest market action, check out more Morning Brief.",Yahoo,https://finnhub.io/api/news?id=901cce83ad4eb8cc30b57688be604f13205e66047f3b0016d8e11348cbaff337,company
2025-12-30,1767104146,GM Stock Outraces Tesla and Ford,"General Motors stock has outperformed rivals Ford and Tesla this year, thanks to strategies implemented by GM CEO Mary Barra.",Yahoo,https://finnhub.io/api/news?id=f55c00f4d831756f905988144184dc246cc177f48bf4b5dc73734a91d337d288,company
2025-12-30,1767103320,Tuttle Capital Management Launches the Tuttle Capital Magnificent 7 Income Blast ETF (MAGO),"Greenwich, Connecticut--(Newsfile Corp. - December 30, 2025) - Tuttle Capital Management, a leading provider of thematic and alternatives ETFs, today announced the launch of the Tuttle Capital Magnificent 7 Income Blast ETF (CBOE: MAGO), now trading on the CBOE.MAGO is an actively managed exchange-traded fund that seeks to provide current income and exposure to the equity performance of the ""Magnificent 7"" - Alphabet, Amazon, Apple, Meta Platforms, Microsoft, NVIDIA, and Tesla - using an...",Yahoo,https://finnhub.io/api/news?id=1edb6e0bf86205f83507e4b40222c65d640c59580dd840d7f74f01fc33da8bf8,company
2025-12-30,1767102247,Tesla Tops South Korea's Imported Car Sales Among Young Buyers,Model Y leads sales as younger buyers view Tesla more as tech than transport.,Yahoo,https://finnhub.io/api/news?id=1c28e8a3dd19a53475cfe96bb13dfa2468dc2838e259b0393c332ab74864b955,company
2025-12-30,1767102102,Beyond Nvidia: Dan Ives Names Top AI Stocks For 2026,"Wall Street is bullish on AI beyond 2025, Wedbush analyst Dan Ives says investors should focus on AI ripple effect winners.",Benzinga,https://finnhub.io/api/news?id=1b57cc18e98bd8dd2d29b42ed129a1a4595a31b18d29c64a33c30a91a2da24b8,company
2025-12-30,1767100874,Tesla Analysts Brace for a Decline in Vehicle Sales,Tesla Inc. published a compilation of analyst estimates for vehicle deliveries to its website that on average shows expectations for the company to deliver 15% fewer cars in the fourth quarter from a year earlier. Craig Trudell reports on Bloomberg Television.,Yahoo,https://finnhub.io/api/news?id=4efb5d56ffa6f0a41766e454d6764b7cb76bb529743b2604193118254790fdac,company
2025-12-30,1767100358,"Here Are Tuesday’s Top Wall Street Analyst Research Calls: Alphabet, Applied Digital, Birkenstock, Etsy, Genius Sports, Tesla, Twilio, and More","Pre-Market Stock Futures: The futures are trading flat after investors and traders returned from the Christmas holiday to find a lump of coal in their stockings. All the major indices closed lower on Monday, with the technology sector leading the way on end-of-year profit-taking. With only one full trading day left in 2025 and the ... Here Are Tuesday’s Top Wall Street Analyst Research Calls: Alphabet, Applied Digital, Birkenstock, Etsy, Genius Sports, Tesla, Twilio, and More",Yahoo,https://finnhub.io/api/news?id=7d686de2fabfb7a1eed87ba65535c345cb81761184181e7748d76b8e1bb5b2f1,company
2025-12-30,1767099638,"Stocks making big moves yesterday: Kohl's, Tesla, BellRing Brands, Plug Power, and RXO",Check out the companies making headlines yesterday:,Yahoo,https://finnhub.io/api/news?id=88eeaa751fc26579a3ddeb13d26c2494afa63214e61dcbb287b6070c3f0a00fd,company
2025-12-30,1767099360,"Stock Market News for Dec 30, 2025","U.S. stocks closed lower on Monday, led by declines in the technology sector as the artificial intelligence-driven trade cooled.",Yahoo,https://finnhub.io/api/news?id=af0b30214b81afa0236e3ce0a59ccfde3b7075bcd45c799587e67907c54f1dff,company
2025-12-30,1767099016,Tesla stock forecast: Baird previews 2026,Investing.com -- Baird expects Outperform-rated Tesla to enter 2026 with several significant catalysts that could shape investor sentiment through next year.,Yahoo,https://finnhub.io/api/news?id=5a468699e2e76405d8ed4bebefa59033b1a8a854c2af4593bea2cfc0d18db7d6,company
2025-12-30,1767098585,Contrarius Global Equity Fund Believes Tesla (TSLA) Remains an Extremely Undervalued Stock,"Contrarius Investment Management, an investment management company, released its third-quarter investor letter for the “Contrarius Global Equity Fund”. A copy of the letter can be downloaded here. The fund’s investor class returned 30.9% in the September quarter compared to 7.3% for the benchmark MSCI World Index, including reinvested net income, and 5.5% for the Average […]",Yahoo,https://finnhub.io/api/news?id=45936e1c200a5433c676465e81a9c07651dff59365292e88797344c95267e9ca,company
2025-12-30,1767097778,Microsoft and Palantir Lead Wedbush's Top AI Picks for 2026,These Tech Names Could Ride the Next AI Wave,Yahoo,https://finnhub.io/api/news?id=bf08af7136708ef65d7d6d6fc6735cd1c6aa9dfe37a25eaa2742ce40ee471149,company
2025-12-30,1767085908,The Club's top 10 things to watch in the stock market Tuesday,"Copper is on track for its biggest one-year increase since 2009. Meanwhile, Meta announced one last acquisition of 2025. ",CNBC,https://finnhub.io/api/news?id=0a214e04124f4fc77675a60fefdd0a6068b9cdf23e1b136ee01e4c2192909738,company
2025-12-29,1767077611,Why Wedbush's Dan Ives says these five AI stocks will boom in 2026,"CNBC's ""Squawk Box"" teams discuss some of the top AI stock picks for 2026 with Dan Ives of Wedbush Securities.",CNBC,https://finnhub.io/api/news?id=72c096f1886d46d27e19efdd079693714b03106deae0d16305bb9345866824ba,company
2025-12-29,1767069847,Silver rebounds 7% from worst day in 4 years as metal's roller-coaster end to a big year continues,The precious metal rally continued Tuesday as gold and silver recovered from Monday's sell-off.,CNBC,https://finnhub.io/api/news?id=f6105fc5aa1a04392814835cfe933fc7e6b79ba748dc461f8dd880225482f196,company
2025-12-29,1767065085,Silver Crushes Gold With 152% Rally—Here's What You Should Know About The Tight Supply Story And Backwardation,"Silver has quietly delivered one of the most explosive performances in global markets this year, rallying 152% year-to-date, marking its strongest annual performance since 1978, effectively stealing the spotlight from gold, which is up 66.22% so far this year.",Benzinga,https://finnhub.io/api/news?id=2a61aec998be93de379b74823783c7cbea0edcf62de8a9df28276ab51c714ad3,company
2025-12-29,1767059537,Gary Black Calls Tesla's Move To Release Delivery Estimate Data 'Highly Unusual:' Says Delivery Shortfall Could Coincide With Robotaxi Announcement,"Elon Musk-led Tesla&#39;s preemptive release of delivery estimates is &#39;highly unusual,&#39; says investor Gary Black.",Benzinga,https://finnhub.io/api/news?id=2c7086fd21b07519071689732090ae93427e05855a5a33fbcd12c64490112f44,company
2025-12-29,1767044966,"Brand Engagement Network, Ultragenyx, Cemtrex, Sidus Space And Tesla: Why These 5 Stocks Are On Investors' Radars Today","Major U.S. indices closed lower on Monday, with the Dow Jones Industrial Average slipping 0.5% to 48,461.93.",Benzinga,https://finnhub.io/api/news?id=9ffaece1f211a30bca584be4ef76a85000d9550bd04a59e11e7a6879c7674d45,company
2025-12-29,1767042085,"Stock market today: Dow, S&P 500, Nasdaq slip as Santa Claus rally stumbles amid Nvidia, Tesla slide",Wall Street opened the final three days of trading in a rollercoaster 2025 that looks likely to end with sizable gains.,Yahoo,https://finnhub.io/api/news?id=6491319253abfdae404537cdc5fb2201171724905f7841354f1d6156646c12fc,company
2025-12-29,1767041775,Sector Update: Consumer Stocks Mixed Late Afternoon,Consumer stocks were mixed late Monday afternoon with the State Street Consumer Staples Select Secto,Yahoo,https://finnhub.io/api/news?id=4c150ae53ca47c0cb298ce1673fef12084828bfe4d698bf9be567d653e9738d1,company
2025-12-29,1767040904,Stock Market Today: Dow Trims Loss; Micron Hits This Milestone As Tesla Slides (Live Coverage),Stock Market Today: The Nasdaq remains the weakest of the major indexes. Tesla tests this moving average.,Yahoo,https://finnhub.io/api/news?id=8950c9d69542f02896d9ea752d0b0e92763986146a4073635cd35fb849588da6,company
2025-12-29,1767038439,Why Tesla (TSLA) Shares Are Trading Lower Today,Shares of electric vehicle pioneer Tesla (NASDAQ:TSLA) fell 2.6% in the afternoon session after major indices pulled back from record highs reached the previous week.,Yahoo,https://finnhub.io/api/news?id=cdb3c47bbcdd842d2598f6455f0495f5135d41d2d0c457c5126ae04918c492f8,company
2025-12-29,1767038330,Why 2026 could be Waymo's year,"From Los Angeles to Austin to Atlanta, Waymo robotaxis are everywhere. And 2026 could be the year Waymo expands its lead in the space.",Yahoo,https://finnhub.io/api/news?id=a2f17fe90abb9507323505b52d15f471db930a010b51aefb1bb66e5b96a1fb50,company
2025-12-29,1767037805,"Stock Market Today: Dow, Nasdaq Drag; Reddit Nears Key Juncture (Live Coverage)",Stock Market Today: The major indexes fell Monday afternoon with the Nasdaq composite showing the biggest loss.,Yahoo,https://finnhub.io/api/news?id=4a421079a3d4caadf1ddc0353f97b5309e4af626ae292d300c908517c9ca6c67,company
2025-12-29,1767037082,"Equity Markets Fall Intraday as Nvidia, Tesla Drop",US benchmark equity indexes were lower intraday amid declines in Nvidia (NVDA) and Tesla (TSLA) shar,Yahoo,https://finnhub.io/api/news?id=b9cf186a8d0b2c38624165b812da6841a5f16b822d4807218aa086dd055d0760,company
2025-12-29,1767036732,"US Equity Indexes Drop, Silver Turns Volatile in Final Leg of Trading","US equity indexes fell, with consumer discretionary and technology emerging among the three biggest",Yahoo,https://finnhub.io/api/news?id=83a3cfe3ca25a8263e3346e64f8587e9416d7cc72b528e8c9bf728925d7a7fd0,company
2025-12-29,1767034871,Elon Musk Warns China Restricting Silver Exports Is 'Not Good',"Tesla Inc. (NASDAQ:TSLA) CEO Elon Musk on Saturday warned that China's reported move to restrict exports of silver starting in January is ""not good."" Musk's Apprehension Musk expressed his apprehension in a post on the social media platform X, saying, ""Silver is needed in many industrial processes,"" highlighting the importance of silver in various manufacturing sectors. This is not good. Silver is needed in many industrial processes.— Elon Musk (@elonmusk) December 27, 2025 Don't Miss: If there",Yahoo,https://finnhub.io/api/news?id=cf5951fdfcfe6e15d1c01152489ba09ca2f879f38c734bd477ab6148f505f0fb,company
2025-12-29,1767033799,Cathie Wood's Top Two Funds From 2025 Hold This Stock,Cathie Wood's ARK Invest firm outperformed the S&P 500 across its six main funds. Here are the stocks that contributed to the gains.,Yahoo,https://finnhub.io/api/news?id=d145f28df20db36e78c11bb01ee0acdba6b671a2986542adc283117e880a04e7,company
2025-12-29,1767033656,Sector Update: Consumer Stocks Mixed in Afternoon Trading,"Consumer stocks were mixed Monday afternoon, with the State Street Consumer Staples Select Sector SP",Yahoo,https://finnhub.io/api/news?id=69282d2260fee386126f36fc6bb18a1a2668210a0dad8a16c5693acaa492e6da,company
2025-12-29,1767033113,"Consumer Discretionary, Technology Push US Equity Indexes Lower","US equity indexes fell after midday Monday, with technology and consumer discretionary among the top",Yahoo,https://finnhub.io/api/news?id=970676b7d32a82050e88e69be49a4b62b4e6c6b49f201dd523535a759006c58f,company
2025-12-29,1767033056,Investor Kevin O'Leary Says Movie Theaters Are Not Dead — 'The Only Restraining Aspect of Content Consumption is How Many Hours People Are Awake',"Critics of the possible $82.7 billion agreement for Netflix Inc. (NASDAQ:NFLX) to acquire the film and television assets of Warner Bros. Discovery (NASDAQ:WBD) fear the deal will be the death of movie theaters, but ""Shark Tank"" investor Kevin O'Leary says, ""Factually, that's not correct."" In a post on X, O'Leary argued that the competition isn't between streaming and theaters but a fight for human attention. ""People watch movies on their phones, their tablets, their home TVs, in theaters,"" he sa",Yahoo,https://finnhub.io/api/news?id=04bcfb5b54e13e20ba76e5d98d633132acc21956b86c19fcc2c83c005b50d919,company
2025-12-29,1767031184,Tesla’s Bull and Bear Case for 2026,"Tesla (NASDAQ:TSLA) is undoubtedly one of the most divisive stocks in the market. The company’s CEO has made sure of that, with Elon Musk’s outspoken behavior and foray in the the world of politics turning this company into a love-it or hate-it type of entity. Certainly, Elon Musk isn’t the first CEO to wade into political ... Tesla’s Bull and Bear Case for 2026",Yahoo,https://finnhub.io/api/news?id=4a61cc541bed7a0c1479aae12fe288be8386fcc220653535f69b8057d09d371d,company
2025-12-29,1767030660,TSLA: Cathie Wood Dumps $30 Million Worth Tesla Stock,Cathie Wood's Ark Invest Loads Up on Gene-Editing and Robotaxi Stocks,Yahoo,https://finnhub.io/api/news?id=094185a018b3c1208dd431db59fdab92ce834a24bac7aeaebad85017d875d2d3,company
2025-12-29,1767029061,"Lucid Targets Model Y With $50,000 EV",Lower-priced EV could change trajectory,Yahoo,https://finnhub.io/api/news?id=b510aa446a4b60380188b951b4459af9905eb23223030462df84ed27e9a6795c,company
2025-12-29,1767026864,Musk sounds alarm on silver as China restricts exports needed for critical industrial processes,Elon Musk warned that China's new silver export restrictions could hurt industries using the metal as an input with the precious metal's prices hit record highs.,Yahoo,https://finnhub.io/api/news?id=7b1a08ee480847d7e8fc9d310ad3c000c7918b92b2da2bfd6ba0557ec46f2ec6,company
2025-12-29,1767026790,"Stock Market Today: Dow Sinks As Nvidia Slides; Gold, Metals Names Get Clobbered (Live Coverage)",Stock Market Today: The major indexes show losses to start the holiday-shortened week. Gold stocks sell off.,Yahoo,https://finnhub.io/api/news?id=12c29aebe5960fb1516a89639b31f5a2613420e9d6e73806b05c9ca63560d89e,company
2025-12-29,1767020520,Tesla Stock Defied the Odds in 2025. Can It Do It Again in 2026?,An Elon Musk holiday tweet boosted hopes for removing the safety monitor from Tesla’s robo-taxi service.,Yahoo,https://finnhub.io/api/news?id=40f1346cf247919d123b39a0aeebb06b165c79ac9fa23d4efedf8b6e03bb9e42,company
2025-12-29,1767020280,Silver Surges and Then Slumps. How ‘Index Rebalancing’ Could Lead to More Wild Swings.,"Silver  prices hit an all-time high in overnight trading before retreating sharply amid renewed volatility in precious metals markets following a year of historic gains.  Spot silver traded as high as $84 an ounce in the overnight session, a near 10% advance from last week’s close and a level that would have marked the strongest annual gain since 1951, before slumping more than 10% shortly afterward.",Yahoo,https://finnhub.io/api/news?id=ffb336e2c7d9962bd53d753b07e1545e453a53d597b9f22efdece5e800c1b759,company
2025-12-29,1767019635,"A Battery Supply Chain ETF Quietly Returned 66%, Stomping AI Stocks","While investors fixated on artificial intelligence throughout 2025, the battery supply chain quietly delivered exceptional returns, powering everything from electric vehicles to grid storage. A Supply Chain Play, Not Just an EV Bet Amplify Lithium & Battery Technology ETF (NYSEARCA:BATT) returned 66% year-to-date in 2025, nearly tripling the Nasdaq-100’s 22% gain. This performance came from ... A Battery Supply Chain ETF Quietly Returned 66%, Stomping AI Stocks",Yahoo,https://finnhub.io/api/news?id=a18ae71c9bba874fdc854e067d064452396ff839f97c33f6f9f43bd72a235b78,company
2025-12-29,1767019159,Big Moves On The Horizon For Tesla Stock As These Two Deadlines Loom,Tesla CEO Elon Musk has two days to make good on his robotaxi promise with fourth-quarter vehicle deliveries upcoming.,Yahoo,https://finnhub.io/api/news?id=fc813bf377b7ca1a3870863ce866443dafe8b7af5977f0551e4f8ec0cbc6487f,company
2025-12-29,1767018867,"Stock market today: Dow, S&P 500, Nasdaq slide as Nvidia, Tesla fall to start 2025's final week",Wall Street opened the final three days of trading in a rollercoaster 2025 that looks likely to end with sizable gains.,Yahoo,https://finnhub.io/api/news?id=89b70ad1c6be5137b64c099c69ca89d6dcc7f59a34f873d6918bc104cd5ca6b4,company
2025-12-29,1767017335,Tesla Supplier Slashes Battery Contract After Cybertruck Delays,South Korea's L&F cut a 3.83 trillion won Tesla battery deal to 9.73 million won after supply volumes were revised.,Yahoo,https://finnhub.io/api/news?id=cd407b7c955f2f0f6908352177f64766c885b05abac948335a38d4072e9b3e5e,company
2025-12-29,1767016320,"These Stocks Are Moving the Most Today: Tesla, Nvidia, DigitalBridge, Newmont, Freeport-McMoRan, APA Corp., and More",Tesla falls as investors assess its robo-taxi prospects while DigitalBridge rises after SoftBank agrees to acquire the investment firm.,Yahoo,https://finnhub.io/api/news?id=21d1c447df9b99da21095ba2ce92361e5956c999387e2966268684cacb2b0cf7,company
2025-12-29,1767016228,Tesla Supplier L&F Cuts Battery Deal as EV Demand Cools,Cut reflects weaker Cybertruck sales and delays in next-generation battery scale-up.,Yahoo,https://finnhub.io/api/news?id=78cc61e78879c50ddc0ebeee74a95201d77114274f76d401a9ab73cb8a633f21,company
2025-12-29,1767015925,Tesla Stock Ignores Falling Car Sales as Robotaxi Hopes Take Over,Tesla Stock Is Up in 2025 Despite Falling Estimates. What Investors Are Watching Next,Yahoo,https://finnhub.io/api/news?id=bf44805435ea602e3133adddd8a902f586d282489f12a1231e86806449f5ec42,company
2025-12-29,1767015860,'It's the Essence of the American Dream' — Why 'Shark Tank' Took Off After 3 Years,"""Shark Tank"" has been a staple for 17 years on ABC, but the road to becoming a cultural phenomenon was paved with near-cancellations, industry skepticism and a surprising assist from the top of the Disney corporate ladder. In a post on X, ""Shark Tank"" investor Kevin O'Leary called the story ""legendary."" For the first three years of its existence, the show was on the chopping block, he said. ""Everybody hated us,"" O'Leary said. Don't Miss: An EA Co-Founder Shapes This VC Backed Marketplace—Now You",Yahoo,https://finnhub.io/api/news?id=e50145d1ddaec74ac4f2e2ce9aa1644bc228e117b4b7a08917b017693829ba78,company
2025-12-29,1767014400,Is Tesla Stock Still a Millionaire Maker?,Investors who purchased shares of Tesla early on in its public life have likely done extraordinarily well.,Yahoo,https://finnhub.io/api/news?id=49518a24ca2b138295a437225fccfca999877f75f1ce8be0292c50c6e86aaa1f,company
2025-12-29,1767010801,Stocks Down Pre-Bell as Year-End Approaches,The benchmark US stock measures were pointing lower before the opening bell Monday as traders prepar,Yahoo,https://finnhub.io/api/news?id=435f5cdb302ca20190cd3f6a186084a82cc32d817b6232d3e1cfd2842c0cb5e7,company
2025-12-29,1767010770,"Tesla: It's Not Time For Bears To Give Up, The Big Short Of 2026 (Downgrade)","Explore Tesla, Inc.'s high valuation amid Robotaxi hype, slowing sales, and shrinking regulatory credits. Click for this TSLA update.",SeekingAlpha,https://finnhub.io/api/news?id=16840df862e84fb0531e8bb0c01dbc9d1dfebbbf1af0fa7df83959b48253171f,company
2025-12-29,1767010482,Tesla supplier sees 99% cut in battery material contract amid Cybertruck woes,"Investing.com -- South Korean battery material supplier L&F Co’s contract with Tesla Inc has been reduced by 99%, from 3.83 trillion won ($2.67 billion) to just 9.73 million won, the company disclosed on Monday.",Yahoo,https://finnhub.io/api/news?id=e616fc2a6c8a49b22e318e449b4f43327e42f93bd884047d2891f661ad9ec407,company
2025-12-29,1767009060,Silver Shines Brighter Than Gold. Why That May Be a Warning.,"U.S.-Ukraine talks yield progress, Bernie Sanders gets tough on AI, Disney’s latest Avatar tops the box office again, and more news to start your day.",Yahoo,https://finnhub.io/api/news?id=18995cead47194106cbf1b18802a46327164fddbed3c7f03a851f52b6a588103,company
2025-12-29,1767007374,"Stocks Set to Open Lower as Investors Trim Risk at Year-End, Fed Minutes Awaited","March S&P 500 E-Mini futures (ESH26) are down -0.24%, and March Nasdaq 100 E-Mini futures (NQH26) are down -0.44% this morning, pointing to a lower open on Wall Street as market participants trim risk at the start of the final week of 2025.",Yahoo,https://finnhub.io/api/news?id=ac158866b6a129d1d0845acf1cfe54bf790603819af82067a651f0310a6e6961,company
2025-12-29,1767005726,"Prime Minister of Israel Benjamin Netanyahu Posts On X ""Last night, I held a joint conference call from Florida with entrepreneur Elon Musk, Minister of Transportation Miri Regev, and the head of the National AI Headquarters, Erez Askal. In the framework of the conversation, Musk responded to my invitation and Minister Regev's invitation to participate in the Smart Transportation Conference that will be held in March.Additionally, we discussed the continuation of collaborations with Tesla..""",https://x.com/netanyahu/status/2005649909534302214?s=46&amp;t=dtUiyC3dUs5yGRgT9qYHWg,Benzinga,https://finnhub.io/api/news?id=2df71b956d7342eed060df54294406c9304ce872d8d272c43e3223c81d9eb2e4,company
2025-12-29,1767005394,South Korea's L&F slashes value of battery material supply deal with Tesla,"By Hyunjoo Jin and Heekyong Yang SEOUL, Dec 29 (Reuters) - South Korean battery material maker L&F said on Monday the value of its 2023 supply deal with Tesla has shrunk to $7,386 from an earlier",Yahoo,https://finnhub.io/api/news?id=d692c51582c3d47f60c89ac8d25ca9c5c6d2a00bcbb193181194e026d9a317b6,company
2025-12-29,1767005160,3 Growth Stocks to Buy in January That Could Issue Stock Splits in 2026,"These companies enjoyed massive success in 2025, positioning them for potential stock splits next year.",Yahoo,https://finnhub.io/api/news?id=4f96464320dd28759d5ccd9e0eeedfb627874425267ae2cbf7bf7444902fa269,company
2025-12-29,1767004200,Cathie Wood’s ARK Funds Have Crushed the Market This Year. What She’s Betting On for 2026.,Cathie Wood’s ARK funds are on track to beat the market in 2025. She's already looking ahead to next year.,Yahoo,https://finnhub.io/api/news?id=3cf9e7263935556e30f80dc74e2303f8050c5be358113c9ae04634a94f1063e3,company
2025-12-29,1767003600,Is Lucid Group Stock Your Ticket to Becoming a Millionaire?,"Lucid is about to introduce a new model, but will that be enough to turn the tide?",Yahoo,https://finnhub.io/api/news?id=6854e1c691cd41ff77135e4b0a503cce20a28cf534117843444ba5d5be2f2f50,company
2025-12-29,1767001333,Alphabet pulls ahead as the market reprices AI execution,CNBC's MacKenzie Sigalos reports on how a roughly 60-point year-to-date spread inside the Mag 7 is turning into a referendum on AI monetization — rewarding Alphabet and Nvidia while pressuring big spenders like Amazon and Meta.,CNBC,https://finnhub.io/api/news?id=91bd16fb7f1108ef68bc4fa762bce562ef10ea8780e7d3e4831717d8dbd4eb26,company
2025-12-29,1766996691,"GM's record stock performance beats Tesla, Ford and other automakers in 2025",General Motors' stock is having its best year since the company's reemergence from bankruptcy in 2009.,CNBC,https://finnhub.io/api/news?id=c60b7a1e92e6b0b80670637fcb334fc79bb62fa298fd99dedf86c732e8093397,company
2025-12-28,1766995023,XPeng's Self-Driving AI Learns To Tune Out The Noise,"XPeng Inc, a Tesla rival, had their autonomous driving research paper accepted by AAAI 2026, showcasing their progress towards L4 autonomy.",Benzinga,https://finnhub.io/api/news?id=15fc0008d855a11a3883e5f105374b43c14a9921df0ccdae8ba0f9ecdb038c77,company
2025-12-28,1766994167,"Mag 7 divide could widen in 2026 as Amazon, Meta, Apple lag year-to-date",CNBC's MacKenzie Sigalos reports on how the Magnificent 7 stocks could widen their divide in 2026.,CNBC,https://finnhub.io/api/news?id=27d70ac5e33cfe551cf2b3e90a8dd30e0875f571be7c9b7c3fbf3b4631cc6ec0,company
2025-12-28,1766993162,"Tesla's Underpriced Chinese Rival Baidu In Focus As Uber, Lyft Team Up With Its Robotaxi Firm In UK: Key Score Rises",Baidu screens as a deep value play with a 94 score amid its Uber &amp; Lyft UK robotaxi deal. Read the latest BIDU stock analysis.,Benzinga,https://finnhub.io/api/news?id=dadda57b8e912de32539dfbd838ff3b5999e4a8439f9e21082d66a1a1f6a5ce1,company
2025-12-28,1766988413,MAGY: Monetize Mag 7 Stocks With This Covered Call ETF,Discover MAGY ETF: gain high weekly income from top AI tech stocks with covered call strategy.,SeekingAlpha,https://finnhub.io/api/news?id=7ed72b245a0717576cd7eeeb065448b4ea1e0b48fd8ff4c4c7d02c61581198ee,company
2025-12-28,1766972217,Alphabet's Waymo Conducts Robotaxi Testing In London Ahead Of Next Year's Planned Expansion,Alphabet-backed Waymo&#39;s Robotaxi was recently spotted testing in London amid the service&#39;s global expansion goals.,Benzinga,https://finnhub.io/api/news?id=1a9746e0559e013bbc2973a90b594265d841cd69ca6e35e74cf816c950672493,company
2025-12-28,1766954929,Tracking Philippe Laffont's ~$41B Coatue Management Portfolio - Q3 2025 Update,"Coatue Management's Q3 2025 13F portfolio rose to $40.79B, with 75 positions. Check out the stake increases, decreases, and new positions in the portfolio here.",SeekingAlpha,https://finnhub.io/api/news?id=07c72a90a2364ae983513242dcf2e814048a59a8417c1927c413184299f896f9,company
2025-12-28,1766913300,"Market Outlook 2026: Technology, Precious Metals, And Commodities","Discover how AI is influencing tech stocks, commodities, and precious metals. Uncover investment risks and opportunities in todayâs evolving market.",SeekingAlpha,https://finnhub.io/api/news?id=0746a9000ff47b7b89154074aa5902a841987727d89f41fbbedd34ca50d6db55,company
2025-12-28,1766908878,"Tim Cook's Nike Buy, AI Smart Glasses, Court Victory And More: This Week In Appleverse","This weekend in tech and markets: Apple launches a $200 &#34;iPhone Sock,&#34; Tim Cook buys $3 million in Nike shares, and new AI wearables.",Benzinga,https://finnhub.io/api/news?id=85d4fa876855c356e06bf94cc277d3896967e68dbd60bb4407c9b7bd46b13126,company
2025-12-27,1766833272,"If You Invested $5000 In Tesla Around Christmas 2020, Here's How Much It Would Be Worth Today","Have you wondered what Investing $5,000 in TSLA during Christmas 2020 would now yield you? Here&#39;s your answer.",Benzinga,https://finnhub.io/api/news?id=97365a91c5912e7223b51e0c131566a4cd3e4e6b41019ae1aec1c4713c3ba7a3,company
2025-12-27,1766833200,"FOMC Minutes, Jobless Claims Report In Focus As 2025 Winds Down","Stay ahead with Wall Street Week Aheadâget key market events, upcoming earnings, economic data releases, and stock insights for the week.",SeekingAlpha,https://finnhub.io/api/news?id=e6ea60a77188b88a0825deddd75c9440618cc5f4d27aae2368aae0b91f8ab2b8,company
2025-12-27,1766827852,"AST SpaceMobile, Nike, Nvidia And More: 5 Stocks Investors Couldn't Stop Buzzing About This Week","Retail investors talked up five hot stocks this week (Dec. 22 to Dec. 26) on X and Reddit&#39;s r/WallStreetBets, driven by retail hype, AI buzz, and corporate news flow.",Benzinga,https://finnhub.io/api/news?id=f35e6744348b2beb52c8faa3fbb3be07c2032735a8b8a9d62704afed18822f2d,company
2025-12-26,1766769564,"California DMV Says Discussing With Autonomous Vehicle Manufacturers ""Broader Operational Plans, Including Actions Related To Emergency Response""; ""We Are Currently Developing Regulations That Require Manufacturers To Ensure Remote Drivers And Remote Assistants Meet High Standards For Safety, Accountability, And Responsiveness""; DMV Comments Follow Recent Stalling Of Robotaxis From Alphabet's Waymo At Various San Francisco Intersections During A Widespread Power Outage That Darkened Traffic Lights",- Reuters,Benzinga,https://finnhub.io/api/news?id=6df69790942a36e5cc862ac028fc0058a259f629df6cc070f04e8743541d2606,company
2025-12-26,1766768089,"Stock Market Today: Dow Dips After Hitting Record; Nvidia, Palantir, Tesla In Buy Zones (Live Coverage)","Stock Market Today: The Dow Jones index fell Friday after closing at a record high Wednesday. Nvidia, Palantir and Tesla are in buy zones.",Yahoo,https://finnhub.io/api/news?id=82d05f7b37d1838f0d5363a9bc4d243e6533a4e0a865a69f38877bf3122ab550,company
2025-12-26,1766767579,"'Good Lord' — Dave Ramsey Reacts To 59-Year-Old Working Two Jobs With $258K In Loans, Then Tells Her To Hit $120K And 'Leave The Cave, Kill Something'","A caller from Roanoke, Virginia, told ""The Ramsey Show"" that she is working two jobs while carrying $258,000 in student loan debt at age 59. LaRhonda said her primary job pays about $60,000 a year and that she also has a mortgage. She asked whether there was any way to make the student loan balance ""go away."" ""Good Lord,"" personal finance expert Dave Ramsey said after confirming her age. Three Degrees And A Growing Balance LaRhonda told the hosts about her educational background. She said she ho",Yahoo,https://finnhub.io/api/news?id=81cc622867fa1e61043b49065bd22d443578837599d7d65c8de7b4c201eaf40b,company
2025-12-26,1766766547,Waymo Expands Robotaxi Footprint as 2026 Becomes a Crucial Test,Alphabet's self-driving unit plans 12 new city launches and targets over one million weekly rides.,Yahoo,https://finnhub.io/api/news?id=6585405ed15e664a64c96ee774b49709dd73af1912c7e313dd6e9ed1ed279d38,company
2025-12-26,1766765940,From pandemic to AI boom: The new reality of global supply chains,"Elon Musk probably said it best when the Tesla (TSLA) CEO declared, “the supply chain stuff is really tricky.” Oh, you’d better believe it. The supply chain—the network of people, organizations, and information that moves a product or service from its origin to the final customer—is crucial ...",Yahoo,https://finnhub.io/api/news?id=9176d4ecd315b45f743206d3df04c379a566fb4e16262bb8098fda7018b44f46,company
2025-12-26,1766764862,Tesla Ramps Up Robotaxi Messaging Days Before Musk's Big Deadline,There are just five days to go for Musk to make good on his promise to remove robotaxi safety monitors.,Yahoo,https://finnhub.io/api/news?id=2b3c7955f3a5f52b4a067bdb8f1a48aa6d532689527aeb76210a81e573e39c5c,company
2025-12-26,1766762280,"These Stocks Are Moving the Most Today: Nvidia, Micron, Nike, Tesla, Lam Research, Coupang, Newmont, and More","Nvidia is rising after reaching an agreement with AI start-up Groq, while Lam Research stock is on track for a record high.",Yahoo,https://finnhub.io/api/news?id=fe6116f6d8088d8958219a031cdea26283d53d05515c47ba5a7d1e6c63f617aa,company
2025-12-26,1766761320,Tesla Under Scrutiny Due to Model 3 Door Release Concerns,"TSLA faces an NHTSA probe into Model 3 door releases, with claims that emergency controls are hidden, unlabeled, and difficult to find in critical situations.",Yahoo,https://finnhub.io/api/news?id=a31c9858a8250a55711d74ab25b8c86d2b74edc1522a7fc31abaa8ce1e9abd04,company
2025-12-26,1766759074,2025: The year the Big 3 backed away from EVs,"The Big Three automakers — Ford, GM, and Stellantis —  have been caught in the crosshairs of a demand slump as they move away from massive EV investments and strategies, possibly leaving themselves on the back foot if EV demand increases.",Yahoo,https://finnhub.io/api/news?id=5fbbdf53591e199efc1b9e79f019ef2bec571992026fdc021c4a82d28f64a5b7,company
2025-12-26,1766758524,Tesla Stock Up 120% in Past 5 Years,Tesla stock recently reached an all-time high on prospects for the company becoming a leader in self-driving taxis and robotics.,Yahoo,https://finnhub.io/api/news?id=99fe2356437c50035d510aacbc7226dde371097225711a19d575f32d4235d51a,company
2025-12-26,1766757604,"Tesla, Inc. (TSLA) Is a Trending Stock: Facts to Know Before Betting on It","Zacks.com users have recently been watching Tesla (TSLA) quite a bit. Thus, it is worth knowing the facts that could determine the stock's prospects.",Yahoo,https://finnhub.io/api/news?id=2790faf9313e1cb805ef276270670d56acea7b95ace275a2c513aa933e8bda31,company
2025-12-26,1766756121,10 Consumer Discretionary Stocks Whale Activity In Today's Session, ,Benzinga,https://finnhub.io/api/news?id=5c19751e9a56ebbe313d40e78db138dd67f263864c64ca8c2ffca60b406fe618,company
2025-12-26,1766755858,Elon Musk Reacts To US Travel Ban On Former EU Commissioner: '...Gets His Dessert',"Tesla Inc. (NASDAQ:TSLA) CEO Elon Musk commented on the U.S. decision to impose travel restrictions on five European officials, including former EU Commissioner Thierry Breton, a long-time critic who previously clashed with Musk over content regulation. “Tyranny Breton gets his dessert,” Musk posted on X, responding to reports of the U.S. travel bans. Tyranny Breton gets his dessert https://t.co/Oc41xFMlyI— Elon Musk (@elonmusk) December 24, 2025 Don't Miss: Bezos' Favorite Real Estate Platform",Yahoo,https://finnhub.io/api/news?id=caab2cd86525d1122cf6d17df2e2d1d69eab1e525d1562bee5821df330344fb0,company
2025-12-26,1766755200,Tesla's Recent UK Megapack Deal to Supercharge Its Energy Business,"TSLA lands a 1 GWh Megapack deal in Scotland, boosting its energy storage business as UK grids push for Net Zero and clean power goals.",Yahoo,https://finnhub.io/api/news?id=60e38af952b7de7eb6cb1983b3305209f01b4fc81a93417023a548e238f2fdd4,company
2025-12-26,1766754062,"SpaceX 2025 Year In Review: Starlink's Growth, Trump's Golden Dome, Elon Musk's Mars Ambitions And More","Amid Starlink&#39;s expansion and Starship&#39;s growth, SpaceX certainly had an eventful 2025. Here&#39;s a look at some of the major events this year.",Benzinga,https://finnhub.io/api/news?id=99dbcf00eb78f276233bc5cfbecf6562b45d798bb23625131004c93af1826921,company
2025-12-26,1766753900,Will Rivian (RIVN) Stock Hit $50 by 2030?,"If you missed out on the multi-decade returns of Tesla (NASDAQ:TSLA) stock, maybe you’ll get a second chance with electric vehicle (EV) manufacturer Rivian Automotive (NASDAQ:RIVN). For the next four to five years, some loyal RIVN stockholders hope to achieve Tesla-like growth. In the most optimistic scenario, Rivian stock would stage a spectacular comeback and rally to ... Will Rivian (RIVN) Stock Hit $50 by 2030?",Yahoo,https://finnhub.io/api/news?id=e799b59d02a7259c47b28f458b5f61af3c66f529c95b8bfea90da8458940eaac,company
2025-12-26,1766753256,5 Things to Know Before the Stock Market Opens,"News of the day for Dec. 26, 2025",Yahoo,https://finnhub.io/api/news?id=6d7fb022efd8b179ee15581f63522b1482ff8c337f15fa9f93376196904a27da,company
2025-12-26,1766752914,US Safety Regulator Opens New Probe Into Tesla Model 3 Doors,"NHTSA is evaluating a petition over emergency door releases in about 179,000 Model 3 sedans.",Yahoo,https://finnhub.io/api/news?id=ca7536415f3424a50d0310e4a48116b76f7775f5b32e1c6d793c81384d294733,company
2025-12-26,1766752463,Dow Jones Futures Fall After Christmas; Nvidia's Big AI Deal,"The Dow Jones set a record close and the S&P 500 hit an intraday high heading into the Christmas holiday. Palantir, Tesla, Google and Nvidia are in buy areas.",Yahoo,https://finnhub.io/api/news?id=c50419653f40d04b8cbb7a7dd7f29a6e56c844c8671bdd9349829620af729abc,company
2025-12-26,1766751004,From Gates to Musk: Net Worth of Richest American from 1995 to 2025,"Between Elon Musk, Jeff Bezos and Bill gates, find out which billionaire had the longest run at the top of the list, as well as where the amount stands in 2025.",Yahoo,https://finnhub.io/api/news?id=4591bec3ee5ada22453f48f6232bd3808deae70bac22a9b65a27234b6b03d2db,company
2025-12-26,1766739660,"2025 In Review: How Tesla, Rivian, Lucid Fared This Year","2025 was eventful for US automotive industry amid shifting market dynamics, especially for EV makers Tesla, Rivian &amp; Lucid.",Benzinga,https://finnhub.io/api/news?id=ea87df25cc69987834de559e790bd4a16d1c39b862d8930f7f563bd5a1654921,company
2025-12-26,1766736932,Russia's New Soyuz 5 Rocket Grounded Over Last-Minute Checks,"Russia and Kazakhstan delay their joint Baiterek space project, postponing the launch of the Soyuz-5 rocket.",Benzinga,https://finnhub.io/api/news?id=5df3cdbecc2d7dd709e934d8c4d3ef7303f84bf5dc5a7d7a72d94b4f1dd02a23,company
2025-12-25,1766730833,Alphabet's Waymo Pauses Service Again In San Francisco On Christmas Day Amid Flash Flood Warning: Report (UPDATED),Waymo reportedly paused its Robotaxi service in San Francisco due to flash flood warnings issued by the authorities.,Benzinga,https://finnhub.io/api/news?id=a0246bad5fd30d144582723dc512966c1d26119a523b7a5436fb1e776bbced60,company
2025-12-25,1766709062,Elon Musk Celebrates Starlink's 9 Million Users: 'Rebuilding The Whole Internet In Space Is Not Easy',"SpaceX CEO Elon Musk hailed the company's satellite internet service provider, Starlink, which recently announced it had reached 9 million worldwide customers. Not Easy To Rebuild The Internet, Says Elon Musk On Monday, Starlink's official handle on X announced it had crossed the 9 million customers worldwide threshold ""across 155 countries, territories and many other markets."" Musk hailed the milestone in a post on the social media platform. ""Rebuilding the whole Internet in space is not easy,""",Yahoo,https://finnhub.io/api/news?id=6869f27fd168493c0efc90776babe0413b4770319b992cc88714536599cdc019,company
2025-12-25,1766699400,Rivian Stock Spiked 67% in 2025. Here's Why 2026 Could Be Even More Profitable for Investors.,Rivian will soon reach a critical inflection point.,Yahoo,https://finnhub.io/api/news?id=cd32ef4312faf5fb20f73aaf2aaef5cdb4aa6cc822c24db756fa310affe2a627,company
2025-12-25,1766698855,Tracking Ole Andreas Halvorsen's Viking Global Portfolio - Q3 2025 Update,"Explore Viking Global's Q3 2025 portfolio moves - new stocks, major disposals, and top holdings insights. Read more analysis here.",SeekingAlpha,https://finnhub.io/api/news?id=fe37224e8c36a00993d0f130c22b4d38eafd5644719a042c1730bb5e52a1ee4c,company
2025-12-25,1766695620,"Is Bitcoin a Buy, Sell, or Hold in 2026?",Bitcoin's four-year cycle appears to be broken. Here's what's actually driving prices now -- and how to play it in 2026.,Yahoo,https://finnhub.io/api/news?id=76022ef097c1d7b1f9fb3810200cdf47aacab10c17950f6cadad7ce2b79f4da3,company
2025-12-25,1766669725,9 Consumer Discretionary Stocks With Whale Alerts In Today's Session, ,Benzinga,https://finnhub.io/api/news?id=461d3f48ce60db5c8e67c8aa2dfd11085a4b4d225d3d2cc999a1a73b2b12cd11,company
2025-12-25,1766660473,Santa Swaps Magnificent 7 For Russell 2000: Year-End Gift Investors Waited For,Investors swap the Magnificent 7 for small caps as the S&amp;P 600 nears highs. Read why the &#34;Endless Dove&#34; fuels this year-end market rotation.,Benzinga,https://finnhub.io/api/news?id=072a93777b75b62e7e88fbff22df5af0977480be5a9e8d376043ee15b373b579,company
2025-12-25,1766660400,Why 2026 Will Be the Year of the Tesla Robotaxi,The automaker is definitely making progress on its robotaxi rollout.,Yahoo,https://finnhub.io/api/news?id=4d28b7f43118893f57e8bdf878bf72fd2147da4cdca85f75a18204c696cf408b,company
2025-12-25,1766658000,Lucid Touches All-Time Lows. Is It Finally Time for Investors to Risk Buying?,"Is the EV start-up Lucid a basement bargain after touching all-time lows, or is it a falling knife to avoid?",Yahoo,https://finnhub.io/api/news?id=138275522ddbcc03c4b90e90c63c2bfa6f50788aa8e5b58c2a0d48affb817df4,company
2025-12-25,1766650414,Deutsche Bank’s Analysis of Q4 2025 Deliveries Drives Tesla (TSLA) Price Target Hike,"Tesla Inc. (NASDAQ:TSLA) is one of the best high volume stocks to buy right now. On December 19, Deutsche Bank raised the firm’s price target on Tesla to $500 from $470 with a Buy rating on the shares. This upward adjustment was driven by the firm’s latest analysis of Tesla’s Q4 2025 delivery performance. On […]",Yahoo,https://finnhub.io/api/news?id=eea7b6b0f90bf71b09da594f18722d1d6235fecd8113bf86b66c1a56e7715760,company
2025-12-25,1766649601,Wall Street wrote off Palantir as too expensive. Retail investors can't get enough,"The stock, which made its market debut in 2020, is an indisputable star of the retail investing world.",CNBC,https://finnhub.io/api/news?id=74f0e198c2ae70bd11c742533e202242883f4495835128e493e6bb97dab094b4,company
2025-12-24,1766629873,Tesla's Austin Robotaxi Project Is Smaller Than Elon Musk's Claims: Report,"Tesla Inc.'s (NASDAQ:TSLA) pilot Robotaxi operations' scale in Austin could reportedly be smaller than what CEO Elon Musk has claimed. Tesla Robotaxi Tracker An engineering student at Texas A&M University has reverse-engineered the official Tesla Robotaxi app to track the service's availability, Electrek reported on Monday. The tracker details 32 Tesla Model Ys used in the Robotaxi network in Austin, which is far from Musk's earlier claims of having 1000 Robotaxis in Austin. Tesla didn’t immedia",Yahoo,https://finnhub.io/api/news?id=9e3832e8918da9526fd3d035f56ce0163d49862ad1f1ff990d4879a379106ae5,company
2025-12-24,1766617368,"Dow Jones, S&P 500 Hit Record Highs Heading Into Christmas Holiday","The Dow Jones set a record close and the S&P 500 hit an intraday high heading into the Christmas holiday. Palantir, Tesla, Google and Nvidia are in buy areas.",Yahoo,https://finnhub.io/api/news?id=66ecc9742cf05e6680d0bb5e9ccc408c7e8ffded098053b175917625287049b2,company
2025-12-24,1766613900,"Ranking the Best ""Magnificent Seven"" Stocks to Buy for 2026. Here's My No. 5",This may be a good time to start accumulating shares.,Yahoo,https://finnhub.io/api/news?id=3831a0304e84f36a1ed840c1c3cce522d2ba97fea7737a8d6bb060da37e0eaac,company
2025-12-24,1766611872,"Elon Musk Backs Demis Hassabis In Dispute With Meta's Yann LeCun Over 'General Intelligence,' Says Google DeepMind CEO Is 'Right'","On Monday, Tesla Inc. (NASDAQ:TSLA) CEO Elon Musk weighed in on an AI debate, siding with Alphabet Inc.'s (NASDAQ:GOOG) (NASDAQ:GOOGL) Google DeepMind CEO Demis Hassabis after Meta Platforms, Inc.'s (NASDAQ:META) outgoing AI chief Yann LeCun dismissed the idea of ""general intelligence"" as an illusion. Musk Weighs In On AGI Debate Musk amplified Hassabis' rebuttal to LeCun in a post on X, writing simply, ""Demis is right,"" throwing his support behind the DeepMind chief in a widening public dispute",Yahoo,https://finnhub.io/api/news?id=8d69800495b1ff4cd9bbac970de3754dd10df94914aa6ac29f694c85bf816ca7,company
2025-12-24,1766597940,"These Stocks Are Moving the Most Today: Intel, Nike, UiPath, Tesla, Micron, Disney, Lam Research, AMC, Strategy, Dynavax, and More","Nike rises after Apple CEO Tim Cook snaps up shares, while Tesla stock drops amid door safety investigation.",Yahoo,https://finnhub.io/api/news?id=673392efa5b10723860cca0e4f143799259b48245bd8036c947e62ccb04d0e44,company
2025-12-24,1766597382,"Tesla faces probe, Intel slides on Nvidia reports, bitcoin falls","Market Domination host Josh Lipton examines some of Wednesday's top trending tickers, including Intel (INTC), Tesla (TSLA), and bitcoin (BTC-USD). Watch the video above to hear more about the stories driving investor interest in the tickers. To watch more expert insights and analysis on the latest market action, check out more Market Domination.",Yahoo,https://finnhub.io/api/news?id=e9a92bc8e8acda462b587cc2cc5a7af333eac0675b535fafb15c24e57d68adfb,company
2025-12-24,1766597294,"S&P 493 likely to see 'outsized returns' in 2026, outside Mag 7","While the S&P 500 (^GSPC) was largely driven by the Magnificent Seven tech stocks in 2025, how did the rest of the S&P 493 perform and what should Wall Street expect in 2026? Rainwater Equity founder and portfolio manager Joseph Shaposhnik comes on Market Domination to discuss his outlook on the so-called Magnificent 493 and how AI has impacted their growth. The US stock market will close early at 1:00 P.M. today (Christmas Eve) and will be closed all day Thursday for the Christmas holiday. To watch more expert insights and analysis on the latest market action, check out more Market Domination.",Yahoo,https://finnhub.io/api/news?id=d272c596d52161f4765e18c7eb2453650b0869a7a8ad054577895c4b9e58a8fe,company
2025-12-24,1766597168,"As Markets Rise, Risk-Taking Takes a Back Seat","Yes, the Dow has gained nearly 300 points, or 0.6%, and the S&P 500 has risen 0.3%, but the tech-heavy Nasdaq, which has advanced 0.2%, is barely higher, and the small-cap Russell 2000 is up just 0.1%.  The Invesco S&P 500 High Beta exchange-traded fund, which owns the index’s most volatile stocks such as AppLovin, Tesla, and Microchip, is up just 0.2% on Wednesday.  The Invesco S&P 500 Pure Growth ETF, with its portfolio of fast-growing, but more speculative companies like Palantir, is also up just 0.2%.",Yahoo,https://finnhub.io/api/news?id=cd0fa3276ba5179b610bb23817e035ba88fb87b1d92dc87c389be982496dacfe,company
2025-12-24,1766596345,Sector Update: Consumer Stocks Rise in Afternoon Trading,"Consumer stocks were higher in Wednesday early afternoon trading, with the State Street Consumer Sta",Yahoo,https://finnhub.io/api/news?id=cd0f5ae8ee6313c8010035cbb03e0ce18c740f12e8880754f66cf6301628cd8b,company
2025-12-24,1766596032,Tesla Faces NHTSA Probe Over Model 3 Emergency Door Handles,"The National Highway Traffic Safety Administration said it’s evaluating claims that the mechanical door release “is hidden, unlabeled, and not intuitive to locate during an emergency,” according to a filing on the agency’s website.  The move stems from a petition filed by Kevin Clouse, a Tesla owner in Georgia who says he was trapped in his vehicle in 2023 and requested a defect investigation.  NHTSA said it hasn’t decided whether to grant or deny the petition.",Yahoo,https://finnhub.io/api/news?id=8b58c7967b16430f7810153b2ac8dff46b396cda288bbc0301c2727d29ea8ab8,company
2025-12-24,1766595120,Tesla Under Investigation by U.S. Regulator for Model 3 Door Release Defects,"The Office of Defects Investigation at the NHTSA opened the investigation Wednesday after receiving a petition in late November. The office said the issue is estimated to affect more than 179,000 cars.",Yahoo,https://finnhub.io/api/news?id=f2c422a3b62a146e8d1eb57b499801477a9110b59e4c48042e572d03531683da,company
2025-12-24,1766593804,"Cathie Wood Reduced Her Stake in Tesla: Is TSLA Stock a Buy, Hold, or Sell Now?","Cathie Wood trims Tesla, but the long-term AI and robotics story remains intact.",Yahoo,https://finnhub.io/api/news?id=b1987774942213b4ff79e356881ca6359fbcffe9ce1b83e75d4fff5c2172cb5e,company
2025-12-24,1766590953,Is Tesla Stock a Buy Under $500?,Tesla closed at just below $500 on Monday due to a Waymo outage and is the closest it's ever been to breaking through $500.,Yahoo,https://finnhub.io/api/news?id=e950452725e89e209f37661f50b2e5c1736ee1ef1b6df5e4135c030c0942a29b,company
2025-12-24,1766589249,Tesla EV Sales Collapse Nearly 40% in Europe Amid Rising Competition,"European EV Market Grows, but Tesla Falls Behind",Yahoo,https://finnhub.io/api/news?id=cbe77810645e4c12a2bbbb9fc410db9c4ff0c7e402899f11c4c19c82904c5766,company
2025-12-24,1766589240,Tesla Stock Drops as U.S. Auto Regulator Probes Alleged Model 3 Door Defects,"The U.S. auto safety regulator has opened an investigation into the mechanical door release on the 2022  Tesla  Model 3.  The probe, launched Tuesday by the Office of Defects Investigation at the National Highway Traffic Safety Administration, or NHTSA, covers an estimated 179,071 vehicles.  Tesla didn’t immediately respond to Barron’s request for comment.",Yahoo,https://finnhub.io/api/news?id=ec6df68f35652b0a005b171f0fdad8fdb296a27293d4b61da01222b0ee15ed13,company
2025-12-24,1766586963,ChargePoint CEO: We expect a 'pullback' this quarter after EV tax credit expiry,"ChargePoint, the largest US charging network with 70,000 ports nationwide, saw a bump in installations before the expiration of the tax credit. What happens next?",Yahoo,https://finnhub.io/api/news?id=d6988c34bacf3e3620ae608ae231c344143d55c818411ae8595af2ba302bd8c2,company
2025-12-24,1766586900,European Union Rolls Back 2035 ICE Ban as EV Demand Softens,"Automakers stand to benefit as the EU proposes rolling back its 2035 ICE ban, allowing plug-in hybrids and easing CO2 targets amid softer EV demand.",Yahoo,https://finnhub.io/api/news?id=5e206854438773da97ef44c440ca4e4c210b96b35db94bbee9a2fe9c26903ca5,company
2025-12-24,1766582423,"Powerball Jackpot: $1.7 Billion Could Buy 131,645 Ounces of Gold, 3.15 Million Nvidia Shares And More — 10 After‑Tax Spending Ideas","The Powerball drawing set for Wednesday, Dec. 24, is currently the fourth-largest U.S.",Benzinga,https://finnhub.io/api/news?id=7a55eb767fcfdca4173c92757a01092885e0585b01588cc6fdaf69892feb10ca,company
2025-12-24,1766577519,From Tesla To Nike: Why Tim Cook's Buy Is Drawing Market Parallels,"Apple CEO Tim Cook&#39;s purchase of Nike shares indicates a possible bottom in the stock, similar to Tesla&#39;s rebound after public criticism.",Benzinga,https://finnhub.io/api/news?id=d90381cd31c0dcd4f206abfdf88aaaf8939b77d1be1409aba321d00ff141df74,company
2025-12-24,1766576645,Lucid Takes On Tesla: $50K Crossover Is Coming For The Model Y,Lucid aims to begin production on an affordable EV to compete with the Tesla Model Y.,Benzinga,https://finnhub.io/api/news?id=c2a13267585972f27e346e466492a2a923178356afd7c308ba032821a6226c32,company
2025-12-24,1766573100,Tesla: The Race Between Megablock Scaling And Automotive Margin Compression,"Tesla, Inc. is rated a Buy with main accumulation recommended on technical pullbacks due to margin compression & high valuation risk. Read more on TSLA stock here.",SeekingAlpha,https://finnhub.io/api/news?id=b6546baaf89a87409983bd50009dd2a8e396646d9ad5e5a59e0a06d6b7db37b4,company
2025-12-23,1766561172,BYD's New Fast Charging Tech Capable Of Nearly Matching Gas Refueling Speeds— Video Surfaces,"Chinese EV giant BYD&#39;s new charging tech can charge a vehicle up to 250 miles in just 5 minutes, new video shows.",Benzinga,https://finnhub.io/api/news?id=9da34e7411378bf9bdcade1bf5345745618497de029d3e0cbc161e3ffa7d3c96,company
2025-12-23,1766560416,Move Over Mag 7: Ed Yardeni Says AI Will Now Benefit The 'Impressive 493' Among S&P 500,Ed Yardeni says it&#39;s time to rotate from the Mag 7 to the &#34;Impressive 493.&#34; Discover why he sees AI boosting the rest of the S&amp;P 500.,Benzinga,https://finnhub.io/api/news?id=23573a03b87d6503022d28798b5e4b0ced343c157c2a21b244b371d642506947,company
2025-12-23,1766559165,Alphabet-Backed Waymo Issues Software Update For Fleet Following PG&E San Francisco Outage,Alphabet-backed Waymo says it will be implementing fleet-wide updates following a power outage in San Francisco.,Benzinga,https://finnhub.io/api/news?id=03e6e02854ba7d9b1790d14e8114f3d1adabfcf350a0ac900e1456665f5349d0,company
2025-12-23,1766552840,Tesla: Risks Outweigh Potential Rewards At These Valuation Levels,Discover why Tesla's soaring stock price may not reflect its declining fundamentals. Learn expert insights and why TSLA is rated a strong sell.,SeekingAlpha,https://finnhub.io/api/news?id=931c2460f37eb4c0ea8c267692e28cc6f835d695326ca0dcc6db2b4447a0504d,company
2025-12-23,1766549660,Elon Musk Says Former AI Head Andrej Karpathy's Understanding Of Company Software Is 'Dated:' Says TSLA's Intelligence Density 'Better' Than Rivals,"Elon Musk says ex-Tesla AI lead&#39;s understanding of company&#39;s AI is dated, touts company&#39;s software being better than rivals.",Benzinga,https://finnhub.io/api/news?id=aa0b4b416b15332872b11e1d704491e25b98fa8a2355be08279609821c4c3fba,company
2025-12-23,1766548264,"Federal Judge Dismisses Chamber Of Commerce's Lawsuit Over Trump's $100,000 H-1B Visa Fee","A federal judge has dismissed the U.S. Chamber of Commerce&#39;s challenge to the $100,000 fee imposed by President Donald Trump on new H-1B visas for highly skilled foreign workers.",Benzinga,https://finnhub.io/api/news?id=a93b580a0ec6f3ded53626214b64e9dfb041f1d7a589a20e2db777b5cbab4f55,company
2025-12-23,1766538234,The AI Bubble Is A Myth: Why I'm Concentrating Into Networking And Cooling,"AI stock valuations in public markets are largely reasonable, with bubble concerns overstated versus S&P 500 multiples and underlying growth rates.",SeekingAlpha,https://finnhub.io/api/news?id=b2bb96b398bd93cff491424a346705518ad5c6be7431c69d908f28c83661b86c,company
2025-12-23,1766523569,Stock Market Today: S&P 500 Eyes Record High; Analyst Names Reddit 2026 Top Pick (Live Coverage),Stock Market Today: The Dow Jones index rises Tuesday on surprise Q3 GDP data. Novo stock soared on FDA approval for a weight loss pill.,Yahoo,https://finnhub.io/api/news?id=a827ed3eb58cc1a1e7e6e501a8913051dbc5b9280cc6dd0a1f066be89523bb56,company
2025-12-23,1766519630,Cathie Wood Sells More Tesla Stock. Q4 Deliveries Loom But The Market May Not Care.,"Cathie Wood's Ark Invest is shifting money into crypto, even as Tesla stock hits highs on market bets for self-driving, shrugging off deliveries.",Yahoo,https://finnhub.io/api/news?id=532d5eb036fc9c1c4a00249331205b74868255f65d847f7dc8f58e39e1e29060,company
2025-12-23,1766518380,Cathie Wood drops $8.9 million on energy stock,"Whenever Cathie Wood trims her long-time favorite stock in Tesla (TSLA), it usually grabs headlines. However, what matters more is where that capital goes next. In ARK’s Dec. 22 trades, Wood scaled back exposure to some of her biggest winners, while leaning harder into smaller, more ...",Yahoo,https://finnhub.io/api/news?id=05d87c90dc350991a444b56501d5cee4c1016c36b716dcd503b8d5f4b9f0f848,company
2025-12-23,1766518130,Elon Musk's DOGE tally: The federal workforce is down while government spending is up,The Department of Government Efficiency — formerly run by Elon Musk — ends 2025 with strikingly divergent results around its two primary goals.,Yahoo,https://finnhub.io/api/news?id=129d732c13669180df8719d89918e620dc9681851f7cd39993e83dfdb40275d3,company
2025-12-23,1766515624,"Dow Jones Tech Giant Apple, AppLovin, Palantir, Tesla In Buy Zones","Dow Jones tech giant Apple, along with AppLovin, Palantir, and Tesla stock are in buy zones in the ongoing stock market rally.",Yahoo,https://finnhub.io/api/news?id=92d7a280681cc5f2cb1dd5ccb5e0427685f6719c58d6be101f091dc656995d9f,company
2025-12-23,1766511841,A Selective Santa Rally? ETFs May Reveal Where Conviction Still Exists in 2025,"As the Santa Rally window opens, ETFs show mixed signals amid AI valuation concerns, Fed caution and seasonal tailwinds, as 2025 ends.",Benzinga,https://finnhub.io/api/news?id=b5409d1ab1feeedb357034aebee96acc33a4eef5e0cfb171e63c83727abb00f7,company
2025-12-23,1766507700,Best Stock to Buy Right Now: Uber vs. Tesla,These companies are racing to redefine the future of transportation once again.,Yahoo,https://finnhub.io/api/news?id=296f595e80851c4065e64763f8f5d19b032aba3d3c7c2bfc798c960a2d4e848a,company
2025-12-23,1766507268,Can Promises Alone Push Tesla to $2T in 2026? Here’s Why Bulls Say Yes,"Tesla (NASDAQ:TSLA) has been unbelievably bullish in the past few months. It was supposed to be game over for Tesla once Musk had a falling out with Trump, but TSLA stock is up nearly 120% after bottoming out that spring. It is now higher than it has ever been. Musk was also “vindicated” by a ... Can Promises Alone Push Tesla to $2T in 2026? Here’s Why Bulls Say Yes",Yahoo,https://finnhub.io/api/news?id=8ed6ba57b128da459b96803df7f64585d53328e6194e4adbe448063adaa3bd97,company
2025-12-23,1766505761,"XRP ETFs Pull in $1.2B as Bitcoin, Ethereum Funds Cool","XRP spot ETFs in the U.S. quietly gathered around $1.2 Bn in assets in just a few weeks, even as crypto prices softened and hype around Bitcoin and Ethereum ETFs faded. ? XRP STEALING THE SHOW ? While the market bleeds and uncertainty grows… $XRP attracts $62.9M in inflows ?$ETH ...",Yahoo,https://finnhub.io/api/news?id=00ba830b2f6dee79144726bd4e327b86677e2500b670a24d514e708ad76e673c,company
2025-12-23,1766504723,Tesla Loses Ground in Europe as BYD Sales Surge 222%,Chinese automaker narrows gap with Tesla amid shifting EV market dynamics.,Yahoo,https://finnhub.io/api/news?id=26c3393ae9a22157585632066eb5acc6ed67d2e62e5287bddbbb12c4f5811ab5,company
2025-12-23,1766504304,An X-Ray View of the Magnificent Seven,"Valuation, growth, balance sheets and analyst sentiment suggest leadership fatigue -- but not collapse",Yahoo,https://finnhub.io/api/news?id=a18b48f1415e3610768074904635ad273df2ef25312fe3fafb3cfba680e86ebc,company
2025-12-23,1766503178,Nvidia and Tesla are the 'best physical AI plays in the world',"Wedbush Securities managing director and global head of technology research Dan Ives, who has been a vocal Tesla (TSLA) bull on Wall Street, tells Yahoo Finance Executive Editor Brian Sozzi that 2026 may be the most important year in the Elon Musk-led company's history. Ives names Nvidia (NVDA) and Tesla as his top physical AI picks. Watch the video above to hear why. To watch more expert insights and analysis on the latest market action, check out more Morning Brief.",Yahoo,https://finnhub.io/api/news?id=29d4015f952e15319109a7ebee78c20418c51e190f0431a9eae396e6c7ae14e6,company
2025-12-23,1766501760,Tesla Stock Is Fighting for $500. How It Gets There.,"Tesla CEO Elon Musk said on X that Tesla’s robo-taxis were unaffected.  Tesla stock traded above $490 early Tuesday, but was up just 0.1% at  $489.15, while the  was up 0.1% and the  was little changed.  Coming into Tuesday trading, Tesla stock was up 21% this year, boosted by a 25% jump over the past month, despite falling EV sales.",Yahoo,https://finnhub.io/api/news?id=f322a05d945eba82a8838681035f12a899bd3d3f9d2cef6e63a56fca305c5aec,company
2025-12-23,1766500202,$800 for Tesla Stock Could Be Reality in 2026. Here’s Why.,"After a surprisingly strong 2025, analysts believe an $800 price target for Tesla could be within reach in 2026.",Yahoo,https://finnhub.io/api/news?id=ab0d108b6f8ad40feaaf95ce988b64f01069a6cc4475ed109f38d59f0780f161,company
2025-12-23,1766499540,TSLA & RIVN Hit Fresh Highs: Which Stock Should You Pick for 2026?,"TSLA and Rivian hit fresh highs as AI, robotaxis and autonomy fuel rallies. Let's see which stock offers the better risk-reward heading into 2026.",Yahoo,https://finnhub.io/api/news?id=e10f3cf39fd529ac70255085eedd3efcd34614227bfe8eef2477667226830696,company
2025-12-23,1766499359,Elon Musk’s Net Worth Up $215 Billion in 2025,Tesla CEO Elon Musk’s net worth is up sharply this year to at least $647 billion. There is speculation that his net worth could top $1 trillion.,Yahoo,https://finnhub.io/api/news?id=4da97cf59fc96cdd99bfbc3c5af28f23413b3219cae4f2dbf93dcb3a3f65d98c,company
2025-12-23,1766497727,Why SpaceX IPO Talk Has Sent EchoStar Stock Into Orbit,EchoStar owns some SpaceX stock that could be worth a lot more if Elon Musk's space company gets a sky-high valuation.,Yahoo,https://finnhub.io/api/news?id=745844e64c25b41d9a9a8420b0609d9c23260959b6182862ae20ad62809f7cd0,company
2025-12-23,1766496000,The EV Stock That's Better Than Tesla,Rivian's launch of its next-generation fleet in 2026 will determine if the company has what it takes to be a top EV company.,Yahoo,https://finnhub.io/api/news?id=24dfcd142b2be70a5d21d79a8e40112667edb8c3c661dd98ba93ccc09958d77f,company
2025-12-23,1766491735,TSLA: Tesla Sales Plunges 12% in Europe as Chinese EV Rival BYD Rallies,Tesla's European Sales Slid in November. BYD Is Closing the Gap.,Yahoo,https://finnhub.io/api/news?id=bbdec13a72f09808aa157bfa3f35e8d849a6c6033950dde0ceaf7634771a2d3b,company
2025-12-23,1766479355,Barclays' Dan Levy on the road ahead for Tesla in 2026,"Dan Levy, Barclays senior auto analyst, joins 'Squawk Box' to discuss the road ahead for Tesla, 2026 outlook, and more.",CNBC,https://finnhub.io/api/news?id=087589f65312b9dbda7685569988e2690967b4f74184212b1fec1aa204221c2a,company
2025-12-22,1766473694,Markets mostly rise as rate cut hopes bring Christmas cheer,"Most markets rose Tuesday, while gold and silver hit fresh records as optimism for more US interest rate cuts and an easing of AI fears helped investors prepare for the festive break on a positive note.Precious metals were also pushing ever higher on the back of expectations for more US rate cuts, which makes them more attractive to investors.",Yahoo,https://finnhub.io/api/news?id=fa4f290d9b6edda868d6b9d69f1bcfb1a76df4b97bef8c945587f184eedda337,company
2025-12-22,1766473201,EV realism is here. How automakers react in 2026 will be telling,"Detroit automakers are refocusing on large gas-guzzling trucks and SUVs, and many have admitted that policies, not consumers, were driving the charge for EVs.",CNBC,https://finnhub.io/api/news?id=55d67f59b52237553f01e64a806e074428b94583332bdaf3a25c5d5cacb881db,company
2025-12-22,1766467934,Elon Musk-Led Tesla's European Decline Continues With November Sales Down Almost 12% — BYD Surges Ahead,"Tesla&#39;s woes continue as sales decline in Europe and US, with YTD sales down 28% as BYD continues strong surge.",Benzinga,https://finnhub.io/api/news?id=5c0a26c990410342184bc958fda785a54a6f4017e90fc79b19620972c69dd6b7,company
2025-12-22,1766460600,1 Stock I'd Buy Before Tesla in 2026,Investors have high hopes that Tesla will monetize its robotaxi and robotics initiatives.,Yahoo,https://finnhub.io/api/news?id=0c10b6cb70fc24cf6f4eaf196c8818a5bd767a449068efaf5d1e8a27d0191fc0,company
2025-12-22,1766450487,"Dow Jones Futures: Nvidia Tests Key Level; AppLovin, Apple, Palantir, Tesla In Buy Zones","Dow Jones Futures: Nvidia rallied near a key resistance level Monday, while Apple, AppLovin, Palantir and Tesla are in buy zones.",Yahoo,https://finnhub.io/api/news?id=89264c29174081d24b722378847da7a2ea6e4493b357d6e882329c24480e9737,company
2025-12-22,1766448904,World's Richest Man Elon Musk Says 'Money Won't Matter' When Kids Turn 18 Amid Trump Accounts Buzz: 'AI/Robotics Will Eliminate Scarcity',Billionaire Elon Musk predicts AI/robotics will eliminate scarcity and render money obsolete in the future.,Benzinga,https://finnhub.io/api/news?id=95ed656d36cba47ffff5d7fbc6d48c2afbc2c10e9c9b22ae89312ce44e1c3efd,company
2025-12-22,1766446676,Why 2026 won’t be a Big Tech year - and what replaces it,"Transcript: CAROLINE WOODSLet's look ahead to 2026 with Jay Woods, Chief Market Strategist at Freedom Capital Markets. He joins me here at the desk today. Great to have you here. JAY WOODSGreat to be here. CAROLINE WOODSLet's kick things off. What's your best investment idea for the new year? JAY ...",Yahoo,https://finnhub.io/api/news?id=b6c45f531d7852557c9d0467e14b43d324c26cbd0be05b6224c64ba7561e1be2,company
2025-12-22,1766445201,"Cathie Wood Sells Another $30 Million Worth Of Tesla Stock Amid Profitability Doubts, Ark Also Dumps Palantir Stock — Buys This Robotaxi Play","Ark Invest executed significant trades involving Tesla, Palantir, Shopify, and WeRide, reflecting strategic adjustments in response to market dynamics and company-specific developments.",Benzinga,https://finnhub.io/api/news?id=1d7dc55fc25dff3c37624fd7f19c6fba52655fe3c422d33289daff6b0b01c318,company
2025-12-22,1766444698,"Stock Market Today, Dec. 22: Tesla Shares Jump After Court Reinstates Elon Musk Pay Deal","Leadership clarity, fresh highs, and robotaxi momentum put this EV and energy player back in focus, today, Dec. 22, 2025.",Yahoo,https://finnhub.io/api/news?id=2704f132ecdb404c992c1a95990320bcd9ef0c0ce663dd26486ab6b0f8164135,company
2025-12-22,1766442656,Musk's Net Worth Nears Three-Quarters of a Trillion Following Landmark Pay Decision,"Elon Musk, the CEO of Tesla Inc. (NASDAQ:TSLA), has seen his net worth surge to a staggering $749 billion. What Happened: The Delaware Supreme Court has reinstated Tesla stock options worth $139 billion that had previously been voided. This move also restored Musk’s 2018 compensation package, once valued at $56 billion, which a lower court had previously deemed “unfathomable.” The Supreme Court ruled that the 2024 decision to rescind the pay package was both improper and unfair to Musk. Don't Mi",Yahoo,https://finnhub.io/api/news?id=4c3de91a6a3bbee5a34c1f886ed3b38b647080a40bde57e7f8af77144488a6f3,company
2025-12-22,1766442085,Stock Indexes Close Higher on Strength in Tech Stocks,"The S&P 500 Index ($SPX ) (SPY ) on Monday closed up +0.64%, the Dow Jones Industrials Index ($DOWI ) (DIA ) closed up +0.47%, and the Nasdaq 100 Index ($IUXX ) (QQQ ) closed up +0.46%. March E-mini S&P futures (ESH26 ) rose +0.63%, and March E-mini Nasdaq futures...",Yahoo,https://finnhub.io/api/news?id=891955020feb42d88f3646b769c418c86d2e5e2560f726be6d17380471828a8a,company
2025-12-22,1766410382,Tech Powers Equity Gains as Metals Hit Records: Markets Wrap,"Micron Technology Inc. climbed nearly 4% in premarket trading while Oracle Corp. and most members of the Magnificent Seven megacaps advanced.  The focus in commodities went beyond record-setting metals, with oil climbing amid heightened geopolitical tensions after the US stepped up a blockade on Venezuela.  “Markets are riding a risk-on liquidity wave into year-end as resilient US growth underpins earnings next year, while a lower Fed fund rate eases financial conditions,” said Desmond Tjiang, chief investment officer for equities and multi-asset investment at BEA Union Investment.",Yahoo,https://finnhub.io/api/news?id=7eb66daee32e49e1440ce312fa0cb16a9246b12b7369e477ca6b6de8d415b29c,company
2025-12-22,1766439971,"Stocks to Watch Monday Recap: Tesla, Rocket Lab, UniFirst, Clearwater Analytics","↗️ Tesla (TSLA): The electric-vehicle maker won a yearslong legal battle in Delaware over a record-breaking 2018 pay package for Elon Musk. Shares rose 1.6% Monday. ↗️ Rocket Lab (RKLB): Shares jumped 10%, building on the previous session's rally.",Yahoo,https://finnhub.io/api/news?id=f685d5c9f0f17e198a0072e3023d18f52524f47fa7a2a3bba848d94f2fd70a71,company
2025-12-22,1766438340,"These Stocks Moved the Most Today: Tesla, Warner Bros., Rocket Lab, DJT, Dominion Energy, Newmont, Micron, and More",Tesla shares rise after a Delaware Supreme Court ruling officially restores CEO Elon Musk’s 2018 pay package.,Yahoo,https://finnhub.io/api/news?id=e625b83f9da43fce5ee779eaf96654193012f535d8439c4d00e95f65390f0dca,company
2025-12-22,1766437379,"Stock market today: Dow, S&P 500, Nasdaq rise for third straight day, gold hits record to extend 2025 rally","Wall Street is entering a holiday-shortened week calculating the chances of a ""Santa Claus rally"" to end the year.",Yahoo,https://finnhub.io/api/news?id=63d0fead8de5be901fac4c41949f2f6f2dd5e4f8e806b4a819496a842eb6a82a,company
2025-12-22,1766436702,Stock Market Today: Dow Ends Higher; Trump Takes The Wind Out Of This Name (Live Coverage),"The Dow Jones Industrial Average and other major stock indexes finished higher Monday, brightening prospects for a so-called Santa Claus rally to wrap up the year.  AppLovin, Nvidia, and Tesla were among the winners on the stock market today, but a utility slumped following a policy pause by the Trump administration.  The Dow closed up 0.5%.",Yahoo,https://finnhub.io/api/news?id=f58c28b0167b7e4a8ae1188afc23fd9dc1cbfdff1e096e309374d4ad1adbbd78,company
2025-12-22,1766435700,Tesla Stock Poised for Even More Record Highs,TSLA tends to outperform in December,Yahoo,https://finnhub.io/api/news?id=f83473eb57a830bc2093c3b3ccdb181a3550975fefda60702babffb2b0d31d76,company
2025-12-22,1766434899,Tracking Cliff Asness' AQR Capital Management 13F Portfolio - Q3 2025 Update,AQR Capital Managementâs Q3 2025 13F portfolio surged to ~$156B. Check out the stake increases and decreases of the portfolio here.,SeekingAlpha,https://finnhub.io/api/news?id=a4fd157bfb3468b443753f8ebf096bfecfaf327d51b3f7f348d33e6c5d937026,company
2025-12-22,1766433689,Why Tesla (TSLA) Stock Is Trading Up Today,"Shares of electric vehicle pioneer Tesla (NASDAQ:TSLA) jumped 2.8% in the afternoon session after a Delaware Supreme Court ruling restored CEO Elon Musk's 2018 compensation plan, ending a long-running legal battle.",Yahoo,https://finnhub.io/api/news?id=ff6fccb475d68d0c85d6ee2fcc677bebdaaad957d6fdb62a2202a6ea06740ba7,company
2025-12-22,1766433331,EV Sales To Fall In US For First Time Since 2019: Trump's Big Beautiful Bill Could Be At Fault,Record third quarter deliveries for electric vehicles in the U.S. were not enough to offset Q4 weakness. A decline in 2025 is now likely.,Benzinga,https://finnhub.io/api/news?id=48201a8c5ace37fb681e13bfecd4f922071734eaa7ef06a2c959c6af479ee30c,company
2025-12-22,1766432100,Tesla vs. BYD: What's the Better Buy?,BYD and Tesla are taking different approaches to further their global dominance.,Yahoo,https://finnhub.io/api/news?id=e6b8fa502d7a6cde318158fd1493ddc267cb87ba0909d6520171a3ccc6a8775e,company
2025-12-22,1766431812,"Bill Ackman Proposes Elon Musk's SpaceX IPO Through SPARC Structure, Offering Tesla Shareholders Priority Access","Billionaire investor Bill Ackman on Saturday proposed merging SpaceX with Pershing Square SPARC Holdings, a special purpose acquisition rights vehicle created by his firm, Pershing Square Capital Management, that would give Tesla Inc. (NASDAQ:TSLA) shareholders priority access to invest in SpaceX. In a post on X, Ackman said the structure would distribute special purpose acquisition rights, or SPARs, to Tesla shareholders, allowing them to invest directly in SpaceX or receive cash for their righ",Yahoo,https://finnhub.io/api/news?id=51ff90fd407645ccc9030a25d808d7bdd0c0dbd18bf615d779526f93f37d9505,company
2025-12-22,1766431309,Naples attorney celebrates victory in restoration of Elon Musk's pay,"Delaware's Supreme Court upheld a record pay deal for Elon Musk at Tesla. A Naples, Florida attorney had a hand in the case.",Yahoo,https://finnhub.io/api/news?id=3899e9bab60885929f37c80aa4aad83f7b46de8c4ab4348d87a6395a6b25c5e8,company
2025-12-22,1766429837,Will Tesla Stock Lose Its ‘Elon Musk Premium’ After the SpaceX IPO? And You Should Sell TSLA Here?,"Some investors fear Tesla could lose its “Elon Musk premium” once SpaceX goes public, raising the question of whether now is the time to sell TSLA stock.",Yahoo,https://finnhub.io/api/news?id=d0ce7c4dfe55afe81559a2295680fd3e7ee25da2400a4e0b54c0600626e4f27f,company
2025-12-22,1766411172,"Stock Market Today: Dow Rises As Nvidia Rebounds; AppLovin, Palantir, Tesla Near Buy Points (Live Coverage)",Stock Market Today: The Dow Jones index rose Monday as Nvidia rebounded in premarket trading. Palantir and Tesla are near buy points.,Yahoo,https://finnhub.io/api/news?id=39819e5b4e9dfdb983de5b6b45a0914720beb1716f70e43b315c4faa0a9c909d,company
2025-12-22,1766410791,Alphabet Inc. (GOOGL) is a Buy at Citizens on Waymo Operational Progress as RBC Capital Downplays Real Estate Prospects,"Alphabet Inc. (NASDAQ:GOOGL) is one of the best forever stocks to buy according to hedge funds. On December 17, analysts at Citizens reiterated that Alphabet Inc. (NASDAQ:GOOGL) is a Market Outperform with a $340 price target. The positive stance is in response to Waymo’s third-quarter operational update. The autonomous driving subsidiary says its cumulative rider […]",Yahoo,https://finnhub.io/api/news?id=0661a2b527cb60e769daa336eb929c0071c7578fd67a06143749b4e922d27f51,company
2025-12-22,1766410293,"Larry Ellison's 2025: How Oracle, Tesla, And Paramount Skydance Merger Propelled Him Past Elon Musk",Larry Ellison began 2025 as one of the richest people in the world. He briefly held first place during the year and saw his wealth soar even higher.,Benzinga,https://finnhub.io/api/news?id=e643fc3225ca0019bf99fee1cbfdfe1eebe35e1027854404bfe1c3b83fda39e8,company
